SK_DATA;DATA;NR_ANO;NM_TRIMESTRE;NM_MES;NR_SEMANA;NR_DIA;NM_DIA_SEMANA;NR_DIA_SEMANA
273aa1898505e18fdda5d4d7afa900c996b6f6dee234b15a2cf855d94fb90ab4;2017-10-06;2017;4º Trimestre;Outubro;40;6;Sexta-feira;6
660477d4926e011ca5385c07619a124283a9b447f27be9ad573940d22bda58bb;2018-02-12;2018;1º Trimestre;Fevereiro;7;12;Segunda-feira;2
be52f72ae40585058175a15c4781c9ffe17c2399bd09848a250bf03e25926a0e;2019-01-11;2019;1º Trimestre;Janeiro;2;11;Sexta-feira;6
2bde41a9aa80008e6f9b9c120a18652f15d1246e2007c04ac3c601b8db1d2eb1;2017-05-26;2017;2º Trimestre;Maio;21;26;Sexta-feira;6
84cb05a5a5fe62a98f0291e0fdfcf5e124abd1d77bbff83ba397d0edd45c7aff;2017-09-06;2017;3º Trimestre;Setembro;36;6;Quarta-feira;4
90a13002f06444847336e8b15444eb0a809e1c5d7e214f196f31b0db18f358ea;2017-08-09;2017;3º Trimestre;Agosto;32;9;Quarta-feira;4
97e3fbe5e446ca6ce2431b321fb9494b7edd1f1480309dd6a77d4f5381da5afe;2018-01-19;2018;1º Trimestre;Janeiro;3;19;Sexta-feira;6
9c68542e499d4cfe10272fcd68d8fd8de9c5490b4c6e9dcf8846b4413f9965e4;2017-05-01;2017;2º Trimestre;Maio;18;1;Segunda-feira;2
b829801ecd3086bc98c74100470d18634c84b688655f145dd26d1e3e632265d3;2018-01-14;2018;1º Trimestre;Janeiro;2;14;Domingo;1
678a28ea26243355c2859e70a5b7a7ad61fe3667e2f99c7b484bc534b96092ce;2018-02-23;2018;1º Trimestre;Fevereiro;8;23;Sexta-feira;6
7c5f196454a6c088ac2c73a5d3f851c257e0c9cb77f119a544096e49f9c95d32;2017-12-11;2017;4º Trimestre;Dezembro;50;11;Segunda-feira;2
d1783858abe65c4a4009c267fa89cad31ddc3403ec7be29c7e414a626f8eeed7;2017-04-05;2017;2º Trimestre;Abril;14;5;Quarta-feira;4
018ba92ce71a009a18ac2ed36dc1a4325861a4771befeffceaee8047d2a7b8b6;2018-07-12;2018;3º Trimestre;Julho;28;12;Quinta-feira;5
89240528686104bc8792539381fbb8bb5851187df6addf2dff7a98df72d4850f;2017-07-31;2017;3º Trimestre;Julho;31;31;Segunda-feira;2
101e13025b6ee1372432cd04ec305df50026a9d21a092bfb1af7b37943092686;2017-11-08;2017;4º Trimestre;Novembro;45;8;Quarta-feira;4
20ee907f705bec7118b2e49843e15cd4ff77787bd2f6c2a6cf42481999eff7d2;2019-03-04;2019;1º Trimestre;Março;10;4;Segunda-feira;2
539ab616c7fc7bbb92b67fd7372156f3bae9a2b9c4b3bb442e9a07e2a4115ef4;2017-09-29;2017;3º Trimestre;Setembro;39;29;Sexta-feira;6
7d29ede3122bc8324a9e0cb3ece7620fb1ca8085d5ea5458140c22973669eb4b;2017-06-07;2017;2º Trimestre;Junho;23;7;Quarta-feira;4
7fccb041c843fa9a52d9741ae40b302efa508d48603803a1f5bd3a6fd12f848e;2017-12-14;2017;4º Trimestre;Dezembro;50;14;Quinta-feira;5
83b40a67718169064015eba75442889a2302e2d62ea3fa0244f2aee994d357e8;2018-07-27;2018;3º Trimestre;Julho;30;27;Sexta-feira;6
88aad16b8e453e093c0f351027752e60cf20b12e1353cbc576d7e060dfdbd676;2017-02-22;2017;1º Trimestre;Fevereiro;8;22;Quarta-feira;4
da6ee3e9572565fcf69800f4da570b7b004a96c39f114a6ec12693ea40eafd4e;2018-05-21;2018;2º Trimestre;Maio;21;21;Segunda-feira;2
fead3f08b0319972c90e52158c9bd5882945805389ba87773fa61ae8657df108;2018-02-13;2018;1º Trimestre;Fevereiro;7;13;Terça-feira;3
16515c5a731d5680794e9ea7c18eb61ab20b1368590bae247ad2c2c4b5490a61;2018-04-13;2018;2º Trimestre;Abril;15;13;Sexta-feira;6
3e444174add1e6e6a4f359d6e409386fbae3d2f72e2f78a09ce29b75e1a620a4;2018-09-17;2018;3º Trimestre;Setembro;38;17;Segunda-feira;2
5474a3ecceda8dd8d7cbb3ecadf6a946387679f19e6510353e988a9d8d8882a5;2018-01-07;2018;1º Trimestre;Janeiro;1;7;Domingo;1
6effb49bbcb771302e8be79b390b49cb5812a4b11a6dca8ad116a841c8b943e8;2017-12-28;2017;4º Trimestre;Dezembro;52;28;Quinta-feira;5
a37b46ab4bc1745a0e301e99602c61f879b51846d7d1a6845ebf98725c8873d4;2017-04-27;2017;2º Trimestre;Abril;17;27;Quinta-feira;5
d81435185902d138165a2ba04e136b3e56182630266d85b5b44cd1847e4dc4e3;2017-07-06;2017;3º Trimestre;Julho;27;6;Quinta-feira;5
ffa50de4dab68e402d7ac2dae0bcaa6f3a2de3e414471d866d0cc51074698244;2017-06-26;2017;2º Trimestre;Junho;26;26;Segunda-feira;2
03f0cb9bd660bc403cde20c5363b8f03175a0d7c2fe218dd9ffd9103af8fedc6;2019-02-19;2019;1º Trimestre;Fevereiro;8;19;Terça-feira;3
9fc58ac75a107c6f038207c70cc04e54f242531ce89fe01cff36e45a7452e445;2017-12-04;2017;4º Trimestre;Dezembro;49;4;Segunda-feira;2
b0cfd4018e23891f3c483aa19db6c400529c6118bd6f2febd78ff4aebb8925ea;2017-05-23;2017;2º Trimestre;Maio;21;23;Terça-feira;3
c4b10712935c0c7bff625da13ff15cf57ed694cf8b7ca819a305bd227e870fcf;2017-09-27;2017;3º Trimestre;Setembro;39;27;Quarta-feira;4
ce0ec9c8d0b95c71524f25e48ca06d3aea7e8e1035389b145ff92e588ebe2835;2018-12-27;2018;4º Trimestre;Dezembro;52;27;Quinta-feira;5
fcea36e23deac8a3fe794466d463b44da3ebab47878841d344fd1c3a0dee2fa4;2017-08-15;2017;3º Trimestre;Agosto;33;15;Terça-feira;3
80d247e15ae6e8312dd62d5eca3a4324875b674da8cb287c1f65bd2f42e5a448;2019-02-18;2019;1º Trimestre;Fevereiro;8;18;Segunda-feira;2
b5331e17c059263ea3349cc182e2907e7372169d24de1fa23630d78adea75587;2017-10-13;2017;4º Trimestre;Outubro;41;13;Sexta-feira;6
cf1b00a62742d873ab8d086824e51fa4fe5c95870278a1ecd14bb8d306f4daeb;2018-05-14;2018;2º Trimestre;Maio;20;14;Segunda-feira;2
153289d4b4287e656a84fc53c857cdee77af381c233b464068ab6f1ec06ebf86;2017-12-29;2017;4º Trimestre;Dezembro;52;29;Sexta-feira;6
2b44370a6649f0c47fede4304ded563b753d4bae1d0b5869c31e5450d4c3d6ba;2017-04-21;2017;2º Trimestre;Abril;16;21;Sexta-feira;6
e7327a0ff5b7bc34c7fc7cbad2375e2f6b34bc9e46641e9f5ea64fc897df523c;2017-08-03;2017;3º Trimestre;Agosto;31;3;Quinta-feira;5
184e147c8af8214e43d89836ee1c9663e86182f5806ffd7cd00e9e3798f5df07;2018-08-27;2018;3º Trimestre;Agosto;35;27;Segunda-feira;2
4975814d519bf79fe5d45b551f48decc5e29c679fd6842587bf168ef0e8d6a75;2017-11-21;2017;4º Trimestre;Novembro;47;21;Terça-feira;3
4d9c445729bb53973017541758c4eb976f29f1cdb0e550cf39065fa2ecb5c47f;2017-01-19;2017;1º Trimestre;Janeiro;3;19;Quinta-feira;5
e7d7839bd7f1e53d0c0cfe236f77fe1c22c6000e81b39958e6b49bfd41a85e03;2017-03-27;2017;1º Trimestre;Março;13;27;Segunda-feira;2
663f0e1e1d9722d6f44bf677cf1952956131363fa5f29913b7bf7a145e976d7b;2018-05-11;2018;2º Trimestre;Maio;19;11;Sexta-feira;6
76d5e41504ba9aefec5e6c931b96e7a1bf955d446e7c15b5a00c992e5f2911d9;2017-12-08;2017;4º Trimestre;Dezembro;49;8;Sexta-feira;6
7866f7d2b5fdd5499153df01b16443401fd4a35cdfcffc5c56f2ff9aadbf3776;2017-05-24;2017;2º Trimestre;Maio;21;24;Quarta-feira;4
a3ca9492a7b43387671172b436854d95007da95af4b1df94a5d14df263d4787f;2017-10-30;2017;4º Trimestre;Outubro;44;30;Segunda-feira;2
50530ddf646dc831bf687f957227b21606db80705519ea2d052cda9d7689b820;2019-01-08;2019;1º Trimestre;Janeiro;2;8;Terça-feira;3
794d8412b05b6eafc431c83221ed8c2d124bbe8668afebc9310f26b1702ffda4;2017-07-19;2017;3º Trimestre;Julho;29;19;Quarta-feira;4
915650b47ee0ee0ff01f330e339687039794b660c7be51c6c07ffc147b1c902d;2017-03-20;2017;1º Trimestre;Março;12;20;Segunda-feira;2
dc488e9077fef0236ed3ec9552eb010bea14f6fd43eb6a996e6e4caadb3c59b3;2018-11-26;2018;4º Trimestre;Novembro;48;26;Segunda-feira;2
4f8f0408580e0c1f730e15a4add7613881e5814b72d6163306a661f4efa130b6;2017-03-28;2017;1º Trimestre;Março;13;28;Terça-feira;3
570e69a7c1529067a04f1db2f2533ef865b7c2258eabcc4f689ab70f270b87f9;2017-12-26;2017;4º Trimestre;Dezembro;52;26;Terça-feira;3
5870861616341231e19bf8bc924573b874310d26a876aa9dff5e8b1e30527f48;2018-03-22;2018;1º Trimestre;Março;12;22;Quinta-feira;5
ab0afa4d08c117c997c1ee3500eb23458fa21b57dcc3cafe430f7d6b08af725b;2017-12-07;2017;4º Trimestre;Dezembro;49;7;Quinta-feira;5
bb968b375fb99c2324cbea1c66830bff329c07354cbc8f597ecf5ca698ecbf19;2018-06-01;2018;2º Trimestre;Junho;22;1;Sexta-feira;6
d34823f699dbde2710ebd6b5a9d51d9509308c0206fc1037789d7c8c59f0f02d;2017-04-07;2017;2º Trimestre;Abril;14;7;Sexta-feira;6
3e0dda5616e6b6958bfbb4c40ec34a2097a5e93ccfecaa4e59320fd0ad7be04a;2017-04-04;2017;2º Trimestre;Abril;14;4;Terça-feira;3
10b77b6a5f5937d13c7ae265341128b3ea47cb091c902f1e7ceb3845364003fb;2017-08-21;2017;3º Trimestre;Agosto;34;21;Segunda-feira;2
d30fe86cd65489172350564ecfceb047b0c83081585110865d2e2d36a20724ea;2018-08-26;2018;3º Trimestre;Agosto;34;26;Domingo;1
037c5a07776b5db5253f9a8dafb14cce45f9700dc7ac6c61a449369fb9bae3c0;2017-08-16;2017;3º Trimestre;Agosto;33;16;Quarta-feira;4
306bc7e2a5a494bf46bfba504f56eece0f2f6203364d83b34ffa29082dab0140;2017-11-17;2017;4º Trimestre;Novembro;46;17;Sexta-feira;6
3fc189bf4789a0b5bd7fd545b694dd87bae4e85c5180207f4a09aa3a95556eff;2019-02-04;2019;1º Trimestre;Fevereiro;6;4;Segunda-feira;2
5efedbdbe0fb92641d4596c7ea6a1ad5d387307ca9a4f19ad562b3fd1d8155d5;2018-10-29;2018;4º Trimestre;Outubro;44;29;Segunda-feira;2
6218b0b987d9fe30eee9b4e001277b7c0e533134b2b270f2c5651c45eccf4928;2018-11-08;2018;4º Trimestre;Novembro;45;8;Quinta-feira;5
f7b8c1bda1adafb9ed00249b9d677db5cc7fa4460fb19e89d2194ed82d022087;2018-09-14;2018;3º Trimestre;Setembro;37;14;Sexta-feira;6
0e985fcd4712b4a243e6b88dff1dc4c5975267fe0633de47cfa43b923cfc7cd7;2019-01-20;2019;1º Trimestre;Janeiro;3;20;Domingo;1
461e5d86aaca52c5ba030559429042ee2638e5eeaeb4177de9d6a6c7fafd0f5f;2018-04-28;2018;2º Trimestre;Abril;17;28;Sábado;7
9608305308ac42c00d0033b6165accb6281016326a459bde20ce983b975d8397;2017-07-27;2017;3º Trimestre;Julho;30;27;Quinta-feira;5
4ec6f23bc68ec3f88d51fe9d2e6afdcf6dd7057a4536c0aa72f66930887f609c;2018-04-05;2018;2º Trimestre;Abril;14;5;Quinta-feira;5
58931dddb0e8a0a3e883837df77aa81e8c7c033e7083a3a2a8247d00405d4879;2017-07-07;2017;3º Trimestre;Julho;27;7;Sexta-feira;6
5d82de00ee797d06b9c6f03869fec2908031aba93297abe8c00b348578cb0068;2018-06-03;2018;2º Trimestre;Junho;22;3;Domingo;1
138f3ac194fd4ff400afb449ac710d9c72cb562fc73087b4e59250b04d2d50db;2018-01-09;2018;1º Trimestre;Janeiro;2;9;Terça-feira;3
76e2fdac9710a95e70453d09ed008f3e01ebf677c8c63be3c1201b82c139da2f;2019-02-05;2019;1º Trimestre;Fevereiro;6;5;Terça-feira;3
e2955a99f7bd71b46cb0e12e303a6671db939a581a3cb8c6fadb715ac7f3cbb0;2017-04-06;2017;2º Trimestre;Abril;14;6;Quinta-feira;5
26403d0ed0a034da1b5176aa3f0c0a1cbdd7f1d7cb2e99084533f6d4b84cc1e9;2018-11-22;2018;4º Trimestre;Novembro;47;22;Quinta-feira;5
4e71e5d4e428ea5dff398fe13b51eb2e89147aa3ff02132cfe969812ffeb81eb;2017-02-19;2017;1º Trimestre;Fevereiro;7;19;Domingo;1
99e43500102707d6e3a05ba9116826fc3bb2538ef89d192148ba4a4508b760c9;2018-05-20;2018;2º Trimestre;Maio;20;20;Domingo;1
f2f1e83817ab9b4098869f6daca9eefdd859486f6cc7b14ad2ca1a88f6e27337;2017-07-04;2017;3º Trimestre;Julho;27;4;Terça-feira;3
fb9d892036d15b2c42c716ad5176d464604c87a7cb578adbae965264f1b38e4b;2017-11-07;2017;4º Trimestre;Novembro;45;7;Terça-feira;3
3658b324a9b89ad0435b416f8048cfdff8cce500c5d69b2d20049da7ccd9d1ff;2017-06-15;2017;2º Trimestre;Junho;24;15;Quinta-feira;5
53f372a2ca7eee9dabeafddf82869330943cf807797fdef794b9a03339c08d96;2018-03-19;2018;1º Trimestre;Março;12;19;Segunda-feira;2
76762f1e98e7fe39dcb0d80f18c81ce48534f08ff628e021371d559697b0f0b2;2018-08-16;2018;3º Trimestre;Agosto;33;16;Quinta-feira;5
884e1518ac8bb59b6168b47566f1a95369dc262615350874a6722230837a1e70;2017-07-18;2017;3º Trimestre;Julho;29;18;Terça-feira;3
026ebd630595ea8a9e51268a6e51ff79c83b052369304375858a4812f968dbba;2018-03-10;2018;1º Trimestre;Março;10;10;Sábado;7
2d7a6e7a6949a49f230dcbd939f082296efc1f4ddf4273826342c08f8f79a9c3;2017-12-21;2017;4º Trimestre;Dezembro;51;21;Quinta-feira;5
39e31164b2ec0d982038f652974928f62963504a0e4a02440da870ac8c436123;2018-04-20;2018;2º Trimestre;Abril;16;20;Sexta-feira;6
4364978a2b146cf35cdd13dac1005f589bfa61b2372922813236b815b7f66c04;2019-02-03;2019;1º Trimestre;Fevereiro;5;3;Domingo;1
7a50a886b93a17f7f445a957f2354693d02e4dcade0960142eed0068a87c26ac;2018-10-04;2018;4º Trimestre;Outubro;40;4;Quinta-feira;5
93266d84b8e7e7572f0a8aeafe6bb8f0c3131b24ea557ab8977a5e80b236b24f;2018-02-03;2018;1º Trimestre;Fevereiro;5;3;Sábado;7
6207e09368529be3a0c49f16b24951815d867b230cd6d0fae6471c6af0ec3320;2017-01-25;2017;1º Trimestre;Janeiro;4;25;Quarta-feira;4
ab33882e1e3d648cc4d5b6cd41aedb520a44532be32023f793bff163a240bb5e;2018-09-10;2018;3º Trimestre;Setembro;37;10;Segunda-feira;2
c9ba881e2c33faba1c2c446aed2b991b35aacd5c8498344382e033f0840b2322;2017-01-30;2017;1º Trimestre;Janeiro;5;30;Segunda-feira;2
d2749bcbbf4d352e0f6e4ee0c77d30a99ef07c95278ae51ef19d86ebd73e93e1;2018-04-12;2018;2º Trimestre;Abril;15;12;Quinta-feira;5
e2c4610f56c04c9617dab771aa8bc7b1bda927d99c988bff86f8d31a2ab001b7;2018-11-24;2018;4º Trimestre;Novembro;47;24;Sábado;7
3405c3f268162ce4e271cab919e04f396448a52b0684ed82e86692df347c8e33;2017-01-29;2017;1º Trimestre;Janeiro;4;29;Domingo;1
c77beee2bd53a68cb2bade189c2cc60265fa94b5fdf7d99c0544b61d692d1ef4;2018-12-28;2018;4º Trimestre;Dezembro;52;28;Sexta-feira;6
f56b6782a885b284eb2611f0be386d714dfd6949071bbf7eebfcb11694bd5def;2017-01-31;2017;1º Trimestre;Janeiro;5;31;Terça-feira;3
20a1d4ef1dc523de3352b314b3b15f4383c822a90071f2d7559b8ddb232fe1db;2018-12-20;2018;4º Trimestre;Dezembro;51;20;Quinta-feira;5
34d884f6e9afc1409916cfd5f50ee9a67da90acf582a5bfc01756c9625523815;2018-09-27;2018;3º Trimestre;Setembro;39;27;Quinta-feira;5
9642332848b9a69a5a414d0b654550ff3ad29356d387c86a331303884f7d6c77;2017-09-01;2017;3º Trimestre;Setembro;35;1;Sexta-feira;6
c1eac56f116fc66a19a85e9d850dae758033fdc6cdf3dccfd202cbc0a5e86859;2018-12-22;2018;4º Trimestre;Dezembro;51;22;Sábado;7
c7d43d9868a1fde6429a5db9c039a124a6abd603684e719b6d6155acbdb22d17;2018-02-09;2018;1º Trimestre;Fevereiro;6;9;Sexta-feira;6
11d8e30b5607678059d8d663f6b6045635d20bbc6568b295994eaa530959ea2e;2017-09-12;2017;3º Trimestre;Setembro;37;12;Terça-feira;3
512893bed0fc6a5aecc0fc405915d4300a590d13390a853cf2933063a2444d61;2018-12-16;2018;4º Trimestre;Dezembro;50;16;Domingo;1
7b622ea9fa32e445488c18e88fb2a16de9d86004bba89e6482829888c9eda21f;2018-03-17;2018;1º Trimestre;Março;11;17;Sábado;7
abcde01fb3a1b2c73705fc0795c267737d40e2583da42b25f49a6cf4b3bbfb59;2018-01-30;2018;1º Trimestre;Janeiro;5;30;Terça-feira;3
cb89afabe8bfbd3bc8354f49d543cec65622f80768e74eb815fcf951f2308c3c;2017-10-16;2017;4º Trimestre;Outubro;42;16;Segunda-feira;2
e9e359166d5cd314cc5d65d829e362703154f2c5ac113c6300d62b89c6a8ddcf;2019-01-25;2019;1º Trimestre;Janeiro;4;25;Sexta-feira;6
8f89b3bb543bfcdb86cb3a9521974cbb20464d8820414ef5c29e223cd260271f;2018-07-21;2018;3º Trimestre;Julho;29;21;Sábado;7
d912e982873a94b1641b6047ddbfb07441816fd27dc0fb19bdddaa81b1358569;2017-10-26;2017;4º Trimestre;Outubro;43;26;Quinta-feira;5
4baf1c424656e64c71bc7327657f08db43268b815f8413f352a8f178928c1f03;2017-06-20;2017;2º Trimestre;Junho;25;20;Terça-feira;3
602c8486d5ea448419d6ba655198d81370a72f9afb9c464a0f16a526c2e53092;2018-06-02;2018;2º Trimestre;Junho;22;2;Sábado;7
496d7ee65976c41fdda6618c6e7d73fe16ccb9cb541604c61b7016093fc72407;2017-11-29;2017;4º Trimestre;Novembro;48;29;Quarta-feira;4
4adfafdf99a23f202e48d77392bcad206eb062c8a0c11d923bad4b045a8b5882;2017-02-20;2017;1º Trimestre;Fevereiro;8;20;Segunda-feira;2
51e35d7fe7f034bb73ad512807eb961ccf0e0bc972e7fbdfcf1936221a3b7f0e;2017-09-22;2017;3º Trimestre;Setembro;38;22;Sexta-feira;6
0357a3e9ae050ccf00c00046054c63ba76819907ecb020e03f9fd2c5b83a8486;2018-04-07;2018;2º Trimestre;Abril;14;7;Sábado;7
13a46185b4bae7fd1ebafd243bec23508d9d88f602c2b629254e81d7764c0703;2018-05-10;2018;2º Trimestre;Maio;19;10;Quinta-feira;5
457f03f88eed5be370dfe108c6136717046b2d23cbb0e49e9f925c44c3a5da70;2017-08-17;2017;3º Trimestre;Agosto;33;17;Quinta-feira;5
f8ad9da1ceace7befe5441cadb968730d5c03a445bff6a340663c6b3c74d2684;2017-11-24;2017;4º Trimestre;Novembro;47;24;Sexta-feira;6
fc47b5e0fbcbe00a0f28a358ee2b4e9375ad1fe26f6334f1462672404a2e8def;2017-12-27;2017;4º Trimestre;Dezembro;52;27;Quarta-feira;4
b1219ada2248a86c1c4e9bb2573a9994f7defc9f0b19f6df58fbdd58ffe23f89;2017-08-31;2017;3º Trimestre;Agosto;35;31;Quinta-feira;5
ceee27fa6b7e16c3586437a8b4a9179e6ff21eb3fc03c2596931af0ab2f638db;2017-11-20;2017;4º Trimestre;Novembro;47;20;Segunda-feira;2
34a2a353427965ddb188eb2c2570ffe465a604701f5e51d8c5a427c657d2d60d;2017-01-18;2017;1º Trimestre;Janeiro;3;18;Quarta-feira;4
989446d919e02fa1cd7a18b5b9c02d84004715ab3bd580db56a6652ed37ee866;2017-06-16;2017;2º Trimestre;Junho;24;16;Sexta-feira;6
cfba76236fe982993aae9a266b84f808753a05b72d45975ed7ff69ae36fd2915;2018-06-17;2018;2º Trimestre;Junho;24;17;Domingo;1
db9533fc6df2b72f65c9b22aeb89a2c92f2e3701f038291addf813fee1212d0a;2017-05-29;2017;2º Trimestre;Maio;22;29;Segunda-feira;2
0dbe750a22907725a180e7c5f8d27e47bbeba38e813d962747fb80a097798f74;2018-06-14;2018;2º Trimestre;Junho;24;14;Quinta-feira;5
59352e4c8e2e7e9752259fc9f9730aee5d3f891a7ff90e878d58707aecacb73b;2017-12-12;2017;4º Trimestre;Dezembro;50;12;Terça-feira;3
10db1eac6fae09c9ad677f5be80146e2345aba8d04fcd65b298327a84ac62c21;2018-05-07;2018;2º Trimestre;Maio;19;7;Segunda-feira;2
59b897d3f0e81521bbbbaca11977c67d8f2fccedd4b4f8a4297df20db326f714;2017-08-01;2017;3º Trimestre;Agosto;31;1;Terça-feira;3
5f0224eeef18efb2de2c7a630438bebc0640b06aae80c6ad0dd12c37652f00d8;2018-03-03;2018;1º Trimestre;Março;9;3;Sábado;7
3991ba863ca0b4380f7ecf70a0730b0a6d6b492e53d9c255e44e8dc4e1dfc4c8;2018-02-04;2018;1º Trimestre;Fevereiro;5;4;Domingo;1
3c4609683efa270bc0425afb59af5f4c034e8d5118665397894e2d9eb366e2d2;2018-06-10;2018;2º Trimestre;Junho;23;10;Domingo;1
e24e5b16f556704434fd6e91caa5a44b71bbbcdb8f6bf5ebf5bf12fa7ddfa2c4;2017-11-23;2017;4º Trimestre;Novembro;47;23;Quinta-feira;5
0ee3317c20f620512f2e8509352264e4c12ea20a05979b51a7dd9dd56fc25096;2018-02-17;2018;1º Trimestre;Fevereiro;7;17;Sábado;7
1d5369103e21adf2c8dce05b51bf867e04a4da22c6558a7ace8a731acc015431;2017-02-12;2017;1º Trimestre;Fevereiro;6;12;Domingo;1
206bc7c08c247e0dccd0be97600e7a7940018de2b6572ba08abad54b835a3eb1;2017-06-14;2017;2º Trimestre;Junho;24;14;Quarta-feira;4
e040c4a56f7a4464724591fec5032dbfba4c9ffa7d7c2f5a09ca639db5c7a0ef;2017-11-01;2017;4º Trimestre;Novembro;44;1;Quarta-feira;4
968bc8f73e260d033033be09e523065f46461827bf1720c2f8ab685d40451fe3;2017-06-12;2017;2º Trimestre;Junho;24;12;Segunda-feira;2
502c1af18c3633826c21cd39121129812f055542f9ebea722c5e937db07b9802;2018-04-26;2018;2º Trimestre;Abril;17;26;Quinta-feira;5
ca7a074c29ef0ee297c65ae9eb2be840d2b9be8887491375b6529f64ffedaf42;2018-11-03;2018;4º Trimestre;Novembro;44;3;Sábado;7
e801cc5145b719d332983a4673f4dd66169c67cc27b0773627d7f3b33bcd2a19;2018-06-05;2018;2º Trimestre;Junho;23;5;Terça-feira;3
012d2d59bfdebe99491ee6856706f66738142b4fce9d6cdee8228d2c9ac44b1e;2018-06-07;2018;2º Trimestre;Junho;23;7;Quinta-feira;5
08364306259678f423fbc530c16b5e962caec30815130519dd935d0bf626e6f9;2017-03-16;2017;1º Trimestre;Março;11;16;Quinta-feira;5
0a963edff695bec9fe694dfa970a0170ddd875e8a0a5ca1fd7d49a342b6a93b8;2018-11-16;2018;4º Trimestre;Novembro;46;16;Sexta-feira;6
f0cd11169a6e4ca2638f25a0684f7bfdfc8b5fee6ed76ff3d4959c7e6db85888;2017-04-28;2017;2º Trimestre;Abril;17;28;Sexta-feira;6
a2792b15519c0aff9be5bf3a9d2217480eaa88b8e45f403509fd0506a49d98ae;2017-08-28;2017;3º Trimestre;Agosto;35;28;Segunda-feira;2
117cb005f59412b8f1096c8fddd42bd2eaef21f0ccf989eba74957e5839d246e;2017-02-09;2017;1º Trimestre;Fevereiro;6;9;Quinta-feira;5
b8710392a5fd6b0907f72c7094f5e5f4d400f07933f52ae8cb24843200865880;2018-10-28;2018;4º Trimestre;Outubro;43;28;Domingo;1
ef91ead2925bca4067f6549b54c720ee08f4a26007637ae12b1017319ad9de67;2018-02-24;2018;1º Trimestre;Fevereiro;8;24;Sábado;7
298c77a2fadb215322a2a4f9370248b5a0eab23322fad4cefae212faa0f91a7c;2017-11-28;2017;4º Trimestre;Novembro;48;28;Terça-feira;3
d5d517cf61ec250c98b243f22c695dc17f78bbc28aaea18a632f863d6ba0cde1;2018-07-08;2018;3º Trimestre;Julho;27;8;Domingo;1
d77640e3edc170021f302c7fb396eaa77e6af753098192d35debd43770493ff2;2017-02-08;2017;1º Trimestre;Fevereiro;6;8;Quarta-feira;4
9cc1b133370fc3f61b1263a66f8c7ec6540e8e177e618e7fc6246ffb82a4db9f;2018-07-13;2018;3º Trimestre;Julho;28;13;Sexta-feira;6
00e96de507cd23ba355f2a3726616c4d3c8393337035152637abf6d409df898b;2018-10-13;2018;4º Trimestre;Outubro;41;13;Sábado;7
29ea9460938d9f49058b2d152c5287105a3869d0668a3d42884bfc40a8c3f449;2018-08-18;2018;3º Trimestre;Agosto;33;18;Sábado;7
2c42fad181620552f651bb5d4e210c2a8729e4a840621fb98697772e46a7db3b;2019-01-04;2019;1º Trimestre;Janeiro;1;4;Sexta-feira;6
7ce35692ebe9af1641fd10578c9fe3bcdb8d5c6af14e09d8cf6793a2e5141e4f;2018-10-22;2018;4º Trimestre;Outubro;43;22;Segunda-feira;2
8ad0a96e3e421b0e490d0293a515333db9b76c153e5e4ab231547f47df722155;2017-05-10;2017;2º Trimestre;Maio;19;10;Quarta-feira;4
a1af818ffd265751b057e8fe831c962e80ebdaae7b99f267f17823b96ca23a7e;2018-10-20;2018;4º Trimestre;Outubro;42;20;Sábado;7
dea1aa4816a8a820de3fa22789adf5d1c1ec3b3d93f0af1517310d25de160807;2017-05-16;2017;2º Trimestre;Maio;20;16;Terça-feira;3
2dc078663eac27745d41494abfafd89c14afe8ffb476283d99b0b6c7783cdb0a;2017-07-20;2017;3º Trimestre;Julho;29;20;Quinta-feira;5
435f634dacb44b69d683966eec9076181b6e3476d4df987cf709d90a32392daa;2018-10-25;2018;4º Trimestre;Outubro;43;25;Quinta-feira;5
6a5d940e316de404fe70e8b4d5c38b6268445fe36d49429cf999ac242f966563;2017-07-21;2017;3º Trimestre;Julho;29;21;Sexta-feira;6
a38453ceb9fda9ac512bc88b5b6ca5c0345e9ea72a29131d585c6175c3c26ce7;2017-06-27;2017;2º Trimestre;Junho;26;27;Terça-feira;3
9ca143898ebd84d93b162a50ad01cbe57253bbeb8cb76b27844c5cd8e31ddc97;2019-01-21;2019;1º Trimestre;Janeiro;4;21;Segunda-feira;2
b204ad9cc154cfac24da0aa0ba6ba50d8d2debc18d29712572613991d57a81fb;2019-02-09;2019;1º Trimestre;Fevereiro;6;9;Sábado;7
d7db4038d2413014261251480f0d5935526a60263a5d6d6e379907897c16bfc4;2018-08-17;2018;3º Trimestre;Agosto;33;17;Sexta-feira;6
f85325e60f6cf30917caaa4c4200240a8d9f0459022c0f68427ad935fc8646e6;2017-01-09;2017;1º Trimestre;Janeiro;2;9;Segunda-feira;2
83ed6a4c83d206d36a3533e2f01431a1498af26feb45a9931ea1ebc69e29ee42;2018-01-06;2018;1º Trimestre;Janeiro;1;6;Sábado;7
e92f01b6c0881c6b844d53afccec0c3be067b87efaf512ae909b3a500a77ca85;2018-06-11;2018;2º Trimestre;Junho;24;11;Segunda-feira;2
027d03e7ccbc1159f9453fbec90f19c482f8785628f41fb79241b0066be655a8;2017-08-24;2017;3º Trimestre;Agosto;34;24;Quinta-feira;5
231613e65714a390b9da73eaeccb31e6f67ee941cdc2497d064b56f52db19176;2017-01-24;2017;1º Trimestre;Janeiro;4;24;Terça-feira;3
b177fe5b8dcf10cfc68157152e0443b1856024d9b7c59891dc62f41ed5eafabc;2018-02-16;2018;1º Trimestre;Fevereiro;7;16;Sexta-feira;6
4295cbc000627459534d118e0605e5dc9dfeb661abafe7a469eb74835e5660bd;2019-03-08;2019;1º Trimestre;Março;10;8;Sexta-feira;6
3017e53ef0dc298aa600511b545dbfb89dfdd61da930824c4326fe107bcd9b30;2018-04-29;2018;2º Trimestre;Abril;17;29;Domingo;1
4f3f4482fa06e1d0c1b4af0274fd0936c2fda0385d5f58fc00e217231751c3f3;2018-02-10;2018;1º Trimestre;Fevereiro;6;10;Sábado;7
6c283760313287ff56e8f620d5d478ae3a96ef83978d22334ce0c0ab6507cefa;2018-09-07;2018;3º Trimestre;Setembro;36;7;Sexta-feira;6
6f69ac103c765105baf24fabff0e15882b714624d04b95260c773c84e295c63e;2018-06-29;2018;2º Trimestre;Junho;26;29;Sexta-feira;6
07608854e6d87d21046fa716cfbb01831f88cdd59d442572490702428fcdced2;2018-07-23;2018;3º Trimestre;Julho;30;23;Segunda-feira;2
076bcffd94e787febbe71760b41b5cc8ad486ca68b70d3d1166f662e2ff8735f;2018-12-15;2018;4º Trimestre;Dezembro;50;15;Sábado;7
62bbff021321bb1e61e5ea833a88b1ae7bb184cba9ecf2b7e916409d02b45b6a;2019-03-02;2019;1º Trimestre;Março;9;2;Sábado;7
6afc973166f7598bc713317bc3a92da1d60ba802626aa4f48f7fb92992a02bc0;2018-12-14;2018;4º Trimestre;Dezembro;50;14;Sexta-feira;6
70a4575bd6591c3fc50382d6ebff9e09635de85444bc639a0da9a14cfc6b8240;2017-10-31;2017;4º Trimestre;Outubro;44;31;Terça-feira;3
e576904f5e12136c42a7291ca6ec4d1bd21171cba86f161a138b423c6e241ec1;2017-09-14;2017;3º Trimestre;Setembro;37;14;Quinta-feira;5
f41a3b50f58b7c4a2bb28671f14d8eddfc03abbee9c30b1c46d13a4d04942f43;2019-01-27;2019;1º Trimestre;Janeiro;4;27;Domingo;1
5bb226b145ee016efd984f80eaab932e905be176e2250221e0c30e635b406daa;2017-06-22;2017;2º Trimestre;Junho;25;22;Quinta-feira;5
7154aeeda31eaef90b5e71cbab2304fcaafbe4f4468806157af21d795988e2aa;2018-06-30;2018;2º Trimestre;Junho;26;30;Sábado;7
ee2dd77d0b45af81faec8a99ca7c0ff998f3b3202b8382b0375f258749b87abf;2018-05-12;2018;2º Trimestre;Maio;19;12;Sábado;7
32abafefb71d7a9c5061a4307e0363008c140cecf9573bd79c67c62372b584cf;2017-07-10;2017;3º Trimestre;Julho;28;10;Segunda-feira;2
5072d99db4af154e1d0127baa88520504215096998b4b7f50dce3f73d85c62f7;2018-04-30;2018;2º Trimestre;Abril;18;30;Segunda-feira;2
60e24f9a96dba0f610bcb79e86292d896fa4c72ed9af3a88f2e3bf5830101e1d;2017-09-05;2017;3º Trimestre;Setembro;36;5;Terça-feira;3
d3bdc39fa04ea5bcad857d0b62920a4d683141194b941fea60a2f7caac221370;2017-12-19;2017;4º Trimestre;Dezembro;51;19;Terça-feira;3
e3191c6f3b8f842cff3726726b40341d3f81ccb5f5568ce622a0b3ba7f8b29dd;2018-07-26;2018;3º Trimestre;Julho;30;26;Quinta-feira;5
61a4a967b1e97016b58b3047bf028b00455c5f9b475555fe2b2d25fb2eeaf94a;2017-03-08;2017;1º Trimestre;Março;10;8;Quarta-feira;4
9b70ee30f79b22d4ff5380dc27e189f267e9af626ab5280d51e3b61cbc71c302;2017-08-10;2017;3º Trimestre;Agosto;32;10;Quinta-feira;5
c9aea163e606f1d2a3afbac84d15c9b30cbc5b16de0475f535723aae2f8b882f;2017-01-22;2017;1º Trimestre;Janeiro;3;22;Domingo;1
f9523303685f5d0b8b18906643cc897e39e0b98363b4c88d6f17d02b3b0a0153;2018-01-29;2018;1º Trimestre;Janeiro;5;29;Segunda-feira;2
ddb64920b67ce89235355db919e6d2aed943c3c87054dd2ba5c01f5f67c46d2a;2018-02-26;2018;1º Trimestre;Fevereiro;9;26;Segunda-feira;2
fa584095ea0aaf1e12304c692e6aa9d8b90195c79f7a6ddd2df0823e602ce23c;2019-03-11;2019;1º Trimestre;Março;11;11;Segunda-feira;2
1210c007054736cdf7212d2e902fb5d4c13ea1d4937262494d05227a95e7fec2;2017-05-03;2017;2º Trimestre;Maio;18;3;Quarta-feira;4
56e900a2502c41b024cc286bcf02aae6b151f8517014198cef6c8f4b8ae0fcd2;2019-03-07;2019;1º Trimestre;Março;10;7;Quinta-feira;5
32ae8b4b35bdf3565edd3d732dbab6479ad6c646752c580dc3a2f30e667ce1ef;2019-02-16;2019;1º Trimestre;Fevereiro;7;16;Sábado;7
d5f022041a3e9099fcca27caaabf807238b95556c6353ef8a7b8b781e69f912a;2018-06-04;2018;2º Trimestre;Junho;23;4;Segunda-feira;2
08c79cb5bda10cc3691337cd053cfbd5c3457933714187c64e1b02d784911d9e;2018-08-04;2018;3º Trimestre;Agosto;31;4;Sábado;7
36631f2bade7b980fff0602cb42f6122a706544a5565fb14eb78292aab3a4353;2019-03-15;2019;1º Trimestre;Março;11;15;Sexta-feira;6
3886e6a23459696e0a2b5e27b8fa1f3156778f8bfef551a20f9562f6d90add01;2018-11-04;2018;4º Trimestre;Novembro;44;4;Domingo;1
3e63339fe136d1875b8362ebc6ba94088a569d94e05aab457c4e1f7288e23655;2017-12-13;2017;4º Trimestre;Dezembro;50;13;Quarta-feira;4
4e3833078e39f1731febfa5571c78fcbe1ba198ba45e62a8fe8c13923ea369bb;2018-02-18;2018;1º Trimestre;Fevereiro;7;18;Domingo;1
8d807742b7528ccc4d5ab3cf09f9f79d2d0537bfaed018e374af92b2d85cefd5;2018-11-05;2018;4º Trimestre;Novembro;45;5;Segunda-feira;2
9e2b0eadd584435340f48cfabe74df574372c3645d55c60d665f5da599fc80eb;2017-05-22;2017;2º Trimestre;Maio;21;22;Segunda-feira;2
a1d51ac2bfada764538f3f249a8605e359d5a131cb0238177365732e1f76ce7c;2018-10-11;2018;4º Trimestre;Outubro;41;11;Quinta-feira;5
c6c9f3d873912dbbaa02167db4a1d1b673ab379b6bd451a184da81b0c14e93ba;2018-11-23;2018;4º Trimestre;Novembro;47;23;Sexta-feira;6
c8d06fe445df15598f88d184fd97539a3d1deb81423d4ba48f1ef019aa90776e;2017-06-19;2017;2º Trimestre;Junho;25;19;Segunda-feira;2
00181dc2f89fac33a18def70b74baa1916e2e4cd284d78c3f0332797db96bb23;2019-01-29;2019;1º Trimestre;Janeiro;5;29;Terça-feira;3
2687076878e184a2ebb1490200f05c6a1356cf677ae7e5401685ac4bc3de7bd5;2017-06-23;2017;2º Trimestre;Junho;25;23;Sexta-feira;6
4a158962f34153b097ab67d0283412ebc71b1f47d0657784b3c07ac51a662c93;2017-12-30;2017;4º Trimestre;Dezembro;52;30;Sábado;7
5cab15c113ae84f7909ea75242acc21c9ceb203c7d5328cdca9f27668fe14219;2019-01-28;2019;1º Trimestre;Janeiro;5;28;Segunda-feira;2
6fb7ecd0066e5cf1c320eb7ce7beca4d1990ef13c39cd958c488c07e27e8908f;2017-05-12;2017;2º Trimestre;Maio;19;12;Sexta-feira;6
8c4df27183d185eff8a0f8f2fdcf87b1e03a0e5776d854d9eb24847e22cb05d3;2017-08-22;2017;3º Trimestre;Agosto;34;22;Terça-feira;3
a4fe76941d6f1ae2741ef41945e482a67b6bfc099249f39cbc0b22196df05e8b;2018-01-23;2018;1º Trimestre;Janeiro;4;23;Terça-feira;3
b3bcdfc6b75f4354e584a93cc9e72bcd4d6dd89bf7dcfd6e12917ee290395890;2018-07-06;2018;3º Trimestre;Julho;27;6;Sexta-feira;6
e11bf838faba035a4d5785212170f11b9ccbf5ed5bc8c3e34b6447de52918cb9;2017-09-15;2017;3º Trimestre;Setembro;37;15;Sexta-feira;6
0bcfbe71fde409a6f961a1ec54a012d0b9d65468700b1ed990651519e526fdc2;2018-08-10;2018;3º Trimestre;Agosto;32;10;Sexta-feira;6
38ca0a4cb6338a0d447ebcf1cfd14a2295599cf9a780a93cc0a090ad82bee60e;2017-03-15;2017;1º Trimestre;Março;11;15;Quarta-feira;4
af24bc94dbc92b73e618cb36bb9d0db606ead040a35571611c76994e18a64e70;2018-10-12;2018;4º Trimestre;Outubro;41;12;Sexta-feira;6
af664defa6ad9f8a363f4f29bc2fb6d9d9f205256e76bd100be3d46c2d21edcd;2018-07-15;2018;3º Trimestre;Julho;28;15;Domingo;1
b930df17fd415950a6a90329da53f899895190ae387207402a9b00ba1f8c2e70;2017-10-25;2017;4º Trimestre;Outubro;43;25;Quarta-feira;4
566b4954fd49df6fcfdec08e1f9bc39cd085b8cd902f91fe4f7d40e8e95f1c13;2018-06-09;2018;2º Trimestre;Junho;23;9;Sábado;7
6f93009643cd7e4011e863c6fa2800b7a6440bd8c9eeb0166aa9685dfd0a9fc3;2018-05-26;2018;2º Trimestre;Maio;21;26;Sábado;7
c42f9443d286e78162234bcc305012260dbdc5b9a1d78ceb7ac27fdade6a2bba;2017-03-10;2017;1º Trimestre;Março;10;10;Sexta-feira;6
0439b468565a0ecaa090c82de598dc738e116627f7fe55f9b5653e0e0f03591c;2019-01-01;2019;1º Trimestre;Janeiro;1;1;Terça-feira;3
616afdc9e8271d1fac1503550bd97d2608b9a9f3d9fcb21b6e5edaed546f0029;2017-09-07;2017;3º Trimestre;Setembro;36;7;Quinta-feira;5
8e40d6518a406f46cedc7a335deb587baa96ac71552762df48515573386458a0;2018-06-23;2018;2º Trimestre;Junho;25;23;Sábado;7
902d32c55414038b64f39d91bf672c63bf7b16bdec7426b313f2f8ffd9202ada;2018-02-25;2018;1º Trimestre;Fevereiro;8;25;Domingo;1
ecebe517ac49074765de0a414563c35695ab7c47a77a53f1917c0ff69b53f689;2018-04-16;2018;2º Trimestre;Abril;16;16;Segunda-feira;2
25561e221ae65efbb5b48ae859e33af894e6c049bf6d4b798274d50d844982f9;2017-11-02;2017;4º Trimestre;Novembro;44;2;Quinta-feira;5
6492f27e6bc31ce0e4ff4f0ab7dd0259debb903b91a4a166dd4d892446bcc8ec;2017-11-15;2017;4º Trimestre;Novembro;46;15;Quarta-feira;4
8d1607b9ee7daf73fd62674e920009068342727e13abf309cacbce90729fccd7;2018-03-02;2018;1º Trimestre;Março;9;2;Sexta-feira;6
9cbc48d2afe2e89c6fba26fc0656be0193fa841a722b50d23613e003e0417704;2017-09-20;2017;3º Trimestre;Setembro;38;20;Quarta-feira;4
024f3dbf1f22369298127dee49b0a6f955b96955286bb9386cfcb5f27716a529;2017-10-02;2017;4º Trimestre;Outubro;40;2;Segunda-feira;2
a7b742d753c5936bd8a166eaf7e3e691443758dd5857fe19c8a7d48d9f198361;2018-10-01;2018;4º Trimestre;Outubro;40;1;Segunda-feira;2
ac05717a7db108d0f04c83097f57a9cda0f96bb7a90194c5e9497e3e89e338d0;2019-03-10;2019;1º Trimestre;Março;10;10;Domingo;1
d5ab5dab1cc94d58adf1e98ce5ef16c978f9f71c5657dc2ed38d72622e38002d;2018-02-02;2018;1º Trimestre;Fevereiro;5;2;Sexta-feira;6
ee1d8b70682ba4ee434451874b22d8bac028dc1c4e49bc4198b3d59a03fcadfb;2017-10-20;2017;4º Trimestre;Outubro;42;20;Sexta-feira;6
080646200860144fc8407e85f95276c1d5fbe8ff8f1b95e3c43c60a8e62fd86a;2018-02-19;2018;1º Trimestre;Fevereiro;8;19;Segunda-feira;2
3447b651359ead9050c6981e955aa79c8f2c62204e00633182b0e962514cad3c;2017-12-05;2017;4º Trimestre;Dezembro;49;5;Terça-feira;3
3af90419dfbc0078a2497922e7e7c27e6f1a5217e1e5d5981db5fb734dac65b4;2019-01-26;2019;1º Trimestre;Janeiro;4;26;Sábado;7
464930181f4ff0f421f5e52ed412595077853a0cd0055ad22b5f1d0f3efaf65d;2017-11-30;2017;4º Trimestre;Novembro;48;30;Quinta-feira;5
c680a42f568291009e21faf4318f51cb35ec8d853a1dd32f2a8132a7d7b79299;2017-02-16;2017;1º Trimestre;Fevereiro;7;16;Quinta-feira;5
036177365269e08186f52852417e265f840643c838f41e59f2ac0fdbe3cdf684;2018-04-15;2018;2º Trimestre;Abril;15;15;Domingo;1
1b5df4e6ab5f57c762e1e7eb426a06e74a8b149e6d399bc29d8e6b66a7962459;2018-08-11;2018;3º Trimestre;Agosto;32;11;Sábado;7
392ff05bad4a74bfe71e0ad5e47c6e62cb6152e71249cb1913b7f8a5b7025579;2017-02-05;2017;1º Trimestre;Fevereiro;5;5;Domingo;1
57817187aee6b4ff72e8d7ca943ac78ecaccc404a834783fb4e7d821960896c7;2018-08-03;2018;3º Trimestre;Agosto;31;3;Sexta-feira;6
58b67a7256ca49ab26b94b196992c3083ef5301ea406cb2fa00390334d865c2e;2018-11-01;2018;4º Trimestre;Novembro;44;1;Quinta-feira;5
1a6e924f6051d8b0dade232c01a4cc797af0a785d9705dd3fb0b4236d8542fb9;2018-08-09;2018;3º Trimestre;Agosto;32;9;Quinta-feira;5
6db35a16f7cd74d3a9ff94c4c8c1726df12eac3e5aadece7b622bbfcfb95d830;2017-03-31;2017;1º Trimestre;Março;13;31;Sexta-feira;6
8b0b48f40773242bd8f98b7b2ed253f43cb2de1f3f4ab77257d0cf22c0fb7728;2018-09-22;2018;3º Trimestre;Setembro;38;22;Sábado;7
a3943279c816e627c54d3ec092b26a15badf9474448e38e083b1dcc11b9e5100;2018-07-16;2018;3º Trimestre;Julho;29;16;Segunda-feira;2
f8adbb5960906aa0375c958bdacb779831d176aa530d11b3f4ac93ed3d417660;2017-11-03;2017;4º Trimestre;Novembro;44;3;Sexta-feira;6
2b3d4995c6df39ad4c5c54289be6fe890325d1e1b81078e21def6d5b54d5d8b1;2018-12-23;2018;4º Trimestre;Dezembro;51;23;Domingo;1
aaee15e2094e9bab48e87b5346a0cc478d6a1db3e6d14be94089bfd0dae3b4e0;2017-09-28;2017;3º Trimestre;Setembro;39;28;Quinta-feira;5
d4fa1073672de176248c30ad25ee6073e21afb335bb83e3896b5346e9ac97d4b;2018-10-08;2018;4º Trimestre;Outubro;41;8;Segunda-feira;2
e2ea8b75be4cda2e349f041b7e6f34cc4f401d15e0eb70cb43d4aafcf76d4fab;2017-10-03;2017;4º Trimestre;Outubro;40;3;Terça-feira;3
03d168c9a4a1f1c5ee18989224a8d43ecc1f3d3637fe3bfa4c8538ec12423589;2018-09-02;2018;3º Trimestre;Setembro;35;2;Domingo;1
6d802bc99120c2739ea5a81adf3a5b5ce16d599de6a053b35b82b7e04755158a;2017-07-11;2017;3º Trimestre;Julho;28;11;Terça-feira;3
8ad54bd2b38bdb25fd10a27cf8d4a1b96a5d80543f037dbeb6a48b8d13716c76;2018-01-03;2018;1º Trimestre;Janeiro;1;3;Quarta-feira;4
e257afb17d4e62ec9af0b0960a9cafca23d50282c181ed4bb89fcc7e1a22fa50;2017-10-24;2017;4º Trimestre;Outubro;43;24;Terça-feira;3
bd639ea6e53ce92ca7c88046c452f90feee8ddb51d702330c9621a361cbe4954;2018-01-12;2018;1º Trimestre;Janeiro;2;12;Sexta-feira;6
c9fd2bf944c22f8455e3341636f69252d66d20f99975c33ce46d660162249a43;2019-03-01;2019;1º Trimestre;Março;9;1;Sexta-feira;6
121fe6b2065adb98003b81b0f65eaf95c54c32ca5b0b5c05cc598cd605dcb191;2017-07-28;2017;3º Trimestre;Julho;30;28;Sexta-feira;6
b96fce9d089676888b438e271190ed736dbe8d3fbdee51f52d1edcc85e44fb01;2018-11-17;2018;4º Trimestre;Novembro;46;17;Sábado;7
81a098fccd77d7b25310fc79710e995d8d4be014ef53a8ca3d3050d8f66d3f65;2019-03-18;2019;1º Trimestre;Março;12;18;Segunda-feira;2
83c24603abfea46a215001d5c68c639a11b210985ac11f202096bd659987517e;2018-08-02;2018;3º Trimestre;Agosto;31;2;Quinta-feira;5
bc2d707bd93b2a129b2001fce1e31b8b70ee919ccd3a0fbf68de3512ab7d89bb;2018-01-22;2018;1º Trimestre;Janeiro;4;22;Segunda-feira;2
bf40bc4a300ada6825f5cb096327c7cdc054a9f8438b8d2db79fe03f8ae2b2a1;2017-04-19;2017;2º Trimestre;Abril;16;19;Quarta-feira;4
c4998fb45af01d6d84124946b23fa0c51885a18a00d7326710267e9d10b843d2;2017-12-22;2017;4º Trimestre;Dezembro;51;22;Sexta-feira;6
fdbf02c8cdcf77dab520282f1206f783569830121003f026ed78f37c7ea71c6d;2018-08-31;2018;3º Trimestre;Agosto;35;31;Sexta-feira;6
156e17212bcf16e11d3e6e6d28a863e2f34d087bf56582f59b555b86610216e9;2017-05-25;2017;2º Trimestre;Maio;21;25;Quinta-feira;5
f85224673cbf210fe6e7c820c890ae1b3bd5c5550b3aff1185c92d5f72b24dd5;2018-06-16;2018;2º Trimestre;Junho;24;16;Sábado;7
2145bb0be2af420e0b48a660f04b1dd3ba27835b46c3b11fb9df43e425feeaa3;2017-09-04;2017;3º Trimestre;Setembro;36;4;Segunda-feira;2
346e4bab17d66609a529089fbbb43c4150d59801290f20d28fe99cfa5d85c501;2018-01-28;2018;1º Trimestre;Janeiro;4;28;Domingo;1
d0ea1e16992aabb4593813157259a58dcc097d81f89ccebc41fe4692e149143c;2018-09-29;2018;3º Trimestre;Setembro;39;29;Sábado;7
65652f153171e0bf4d482ffc3af3e2574dc7c0920e511aee8cf71be09cce16ef;2017-10-19;2017;4º Trimestre;Outubro;42;19;Quinta-feira;5
7cb50b5bb94e771c0098a0e035ae3b9b5307fa20bdf839726d813d4fd04b5366;2017-04-17;2017;2º Trimestre;Abril;16;17;Segunda-feira;2
b90cf9fdf06343562963b4155bac7323ce61935629489b7ac638893bd56b1863;2017-04-25;2017;2º Trimestre;Abril;17;25;Terça-feira;3
c3cece6a1dde2e4b2d73597e79a3dd533194f6961588b8dac3959d715f748cb4;2018-07-29;2018;3º Trimestre;Julho;30;29;Domingo;1
5e7d4dde097176f999dd6a6796c39be64fe10cdc734ebe40258a803f6dee0367;2017-01-26;2017;1º Trimestre;Janeiro;4;26;Quinta-feira;5
71a63f80dc7570148f16f3bbf1791113ac9e828f05f1b3dcd387bee50af47b67;2019-03-03;2019;1º Trimestre;Março;9;3;Domingo;1
9f4acc46d9b8b71db17aada74b014d85185b53aa2e3a23f73daeac13a02db95c;2019-02-15;2019;1º Trimestre;Fevereiro;7;15;Sexta-feira;6
8b306fdc2630292460e2f8ea493b011c74ab8aaeeda49ad17e2dcdd1f45daa0f;2017-08-04;2017;3º Trimestre;Agosto;31;4;Sexta-feira;6
779367897fc1df89692349917fd0699c918f8c526683dcf8a4d2cf7158a6adde;2018-10-19;2018;4º Trimestre;Outubro;42;19;Sexta-feira;6
e2320e9647c6a4fc42e73d239876d088da47decf06e158d10f49df83e85a77cb;2017-02-14;2017;1º Trimestre;Fevereiro;7;14;Terça-feira;3
853bf3de79122e7275c868c71f3d9e2aa532bfbb6416681c21c4630ea3486502;2017-06-17;2017;2º Trimestre;Junho;24;17;Sábado;7
c62ad8e4ac45387fd0ed2bb1f0c6545ec6aa4a0d053ab58c81451c3fdf9f6ce0;2018-09-23;2018;3º Trimestre;Setembro;38;23;Domingo;1
35a08bf579cdb67753c705edb48a67f4975d5898b447e08cbb3ffcec37512908;2018-05-31;2018;2º Trimestre;Maio;22;31;Quinta-feira;5
5831e6ad9c7b0de87b4f383b10c11f60b912db44b7e814f23013f87a87169881;2017-12-31;2017;4º Trimestre;Dezembro;52;31;Domingo;1
a1cbcaee00a3adbb6803e6aead1d5cd1f73d2ddcca69654d81e793ec5b4fb262;2018-09-15;2018;3º Trimestre;Setembro;37;15;Sábado;7
5a80defe51278edf80aeb9e0dceacb63b24257714ff8ef29805c51578069efeb;2017-12-15;2017;4º Trimestre;Dezembro;50;15;Sexta-feira;6
5c5782337368b758360f47b01bbb8c9264dea1b6892fdab8b233322bbfa722dc;2018-02-11;2018;1º Trimestre;Fevereiro;6;11;Domingo;1
6954b09163c372629fd6aa4caaddfc3a7aed4ed317a0229c33d1db19a2200fe8;2018-09-20;2018;3º Trimestre;Setembro;38;20;Quinta-feira;5
a1183a42e3c727228d7ed2d822c089ffa6eb394d565020dc4ec8c599b88ba1a8;2018-07-22;2018;3º Trimestre;Julho;29;22;Domingo;1
e19dea814ee846bd4cc4b5f9cd0fe49fd35c42a8284689709435b8644b7e9d49;2018-09-13;2018;3º Trimestre;Setembro;37;13;Quinta-feira;5
56fb573251fc24ea6046e2d16c95c614cd116c8f50279b830e8e2ab36c1025aa;2017-10-10;2017;4º Trimestre;Outubro;41;10;Terça-feira;3
916093091c610564e3373e79de442f3dcef555b71ee41bba7b2a65882e802ae3;2017-10-12;2017;4º Trimestre;Outubro;41;12;Quinta-feira;5
d698f8163d705ffe7309b040f87954aec8771fca4a365816add134d3b7ec0efd;2018-12-07;2018;4º Trimestre;Dezembro;49;7;Sexta-feira;6
106e164eae7a53f30e899c25605e0b921f1f2ef39efc9deb7651660c4fb286ee;2019-02-10;2019;1º Trimestre;Fevereiro;6;10;Domingo;1
621d1e1e80b76141201f20ffd138d19ac72ca12ee8962e344b0d55a3ca6dfd1b;2017-05-19;2017;2º Trimestre;Maio;20;19;Sexta-feira;6
72a2e868fe5849a2251461f26db29377cce8c536dbe54e0dd2ea6bc286e2e083;2019-02-12;2019;1º Trimestre;Fevereiro;7;12;Terça-feira;3
882644f6caf359d7f74cc2800f40fa2fa335a92b86c616ae56acc2a5b55c7cb2;2018-05-03;2018;2º Trimestre;Maio;18;3;Quinta-feira;5
62bbd1d7b7d38a9d1095b550ea64179375d27c64dbd7b218fdcbea721c434685;2018-04-23;2018;2º Trimestre;Abril;17;23;Segunda-feira;2
94a564cbd6c71ea4b2792d95f648baab85f14d73c990632ec9a54e810cd5a380;2019-02-23;2019;1º Trimestre;Fevereiro;8;23;Sábado;7
b9969fea890c7160393f1603c5ac35c325f099e18e36c26d920453fdc8af6f91;2018-06-19;2018;2º Trimestre;Junho;25;19;Terça-feira;3
a7dba236cc690b1909781f0b9f6504ca5001efe24a2412283834ca6f46ddbafa;2018-07-07;2018;3º Trimestre;Julho;27;7;Sábado;7
bbc7576ab5fe47cd60c2527f32b80ab00306a8602444fd443a8e1e62a6454cec;2017-08-25;2017;3º Trimestre;Agosto;34;25;Sexta-feira;6
488d3a3201a628a90ff7f3fed55aabc1ff3fd82778062bb2404a239f6d576714;2017-02-02;2017;1º Trimestre;Fevereiro;5;2;Quinta-feira;5
ca1b58b852cc3dfb4792bfc567658f9d16e123335f2cbff37dd16711cc0b1206;2017-05-15;2017;2º Trimestre;Maio;20;15;Segunda-feira;2
57661877b9c8c554fcd317b0c6ebff83d646f0fb1a64cacf93c0fcafc9b93e98;2018-10-21;2018;4º Trimestre;Outubro;42;21;Domingo;1
7bd96063d6166aa95e03ce56474d098578b70e475837b2b85a06e6567f2cc255;2018-06-22;2018;2º Trimestre;Junho;25;22;Sexta-feira;6
7d10349d1b1dbb07874d4acfe74eaa3275dee31820da8906ea9d9c387a9544aa;2018-09-06;2018;3º Trimestre;Setembro;36;6;Quinta-feira;5
99f6e96ab2b363ec097efc6253b2fbee41a64c543a0ae947245be9734d2d6f03;2017-10-17;2017;4º Trimestre;Outubro;42;17;Terça-feira;3
093b41d5f76661e3c8c55d943983c4cd51aa4cf1470e9f87f55348e81e50d714;2017-04-24;2017;2º Trimestre;Abril;17;24;Segunda-feira;2
6d022dc10fb2a05016a967fb80c7332b919837500a51670748f4193ed39efac0;2018-09-16;2018;3º Trimestre;Setembro;37;16;Domingo;1
985122cc60ff004f33f6c9b7fafdd6996493003ef09f058094751150eacb2054;2017-03-02;2017;1º Trimestre;Março;9;2;Quinta-feira;5
d3cbb447e8357bba82124d65bcc4727ce5f9faa7fd401ca918c0d2310739a525;2019-01-22;2019;1º Trimestre;Janeiro;4;22;Terça-feira;3
66be10f16668b177713ce8d1ae56a978c5a3aaafe437ed5866a7a02f23386052;2017-09-21;2017;3º Trimestre;Setembro;38;21;Quinta-feira;5
e8a54737ddc0a800801173a565953d1856d074b80661b58492f1097dab2bdd94;2018-12-13;2018;4º Trimestre;Dezembro;50;13;Quinta-feira;5
88d7f39dcfee8efae0998d07a69bb7e7ea2c0906abd39b1a5470aeaa5158d96d;2018-12-06;2018;4º Trimestre;Dezembro;49;6;Quinta-feira;5
2d3307eb033041cecf5ecaf6b2886d049bbe559c74a466d9c495d533167ead25;2017-11-16;2017;4º Trimestre;Novembro;46;16;Quinta-feira;5
ef4e6a4bb9d6dc6650c3abccfb0754371c611748aa7a48430481bdbc23e8720b;2017-02-06;2017;1º Trimestre;Fevereiro;6;6;Segunda-feira;2
8cd732db0283895ff1cc9f283aab2c73558214f06ec4a6b26d49169bee2b0726;2018-12-30;2018;4º Trimestre;Dezembro;52;30;Domingo;1
73d15c45fbcb7451e269b561c2135f902b90696eac15ddeb4a6d2ba6cc5d7ef4;2019-01-15;2019;1º Trimestre;Janeiro;3;15;Terça-feira;3
3a283c7afed4adf13fd216d3f5a06daea4815a3a762173dabc9fa141fbd3fafe;2018-12-21;2018;4º Trimestre;Dezembro;51;21;Sexta-feira;6
c38b3f383833f16f3d5e94dcda601abcd09ef2ac785d2caf99ea3b6bba57a3f8;2017-11-06;2017;4º Trimestre;Novembro;45;6;Segunda-feira;2
1856bad2f031b1a6cfbd6b0b612c407a700fd54a71ac93d8510f38c11b1f12e3;2017-08-11;2017;3º Trimestre;Agosto;32;11;Sexta-feira;6
5e223d8401a095164bd3edf9a8c5a30f3e3edc13ea2f5f31aec83c4b5d65ccbc;2018-03-11;2018;1º Trimestre;Março;10;11;Domingo;1
8a91a2f1414e50bd5087613ab27d1df6489986ed4883432ff4fd06ab88a0e1de;2018-08-24;2018;3º Trimestre;Agosto;34;24;Sexta-feira;6
e281fdcb9b99c5887706bac11937bc07dbd54967120507761c8932f7a0b7a111;2017-01-17;2017;1º Trimestre;Janeiro;3;17;Terça-feira;3
f5418cbb98fe97d36027b497c5235931f869f462bf782b149eaea43406b039b8;2018-01-26;2018;1º Trimestre;Janeiro;4;26;Sexta-feira;6
21aa2547bcb0cdab6bed676e06ef4b4f11d0493a629b394b2e1cc0171a4af0a3;2017-12-20;2017;4º Trimestre;Dezembro;51;20;Quarta-feira;4
a2738a424adfc4e1fcfe356dc732bb779fe7ac396ef32d403425199eb125f983;2018-05-17;2018;2º Trimestre;Maio;20;17;Quinta-feira;5
48c80884625a513a431a74aed21157b625582bd0ac4ce57c7207739f95d09af1;2019-02-26;2019;1º Trimestre;Fevereiro;9;26;Terça-feira;3
077758d20b5e238d1a47ef6423df253a7a7fed3954a9cee86291da59da11dbd7;2017-08-08;2017;3º Trimestre;Agosto;32;8;Terça-feira;3
9c3dd4a652a4cec2d14da79bebfc2f25750adf36acbe695717953e1e87650727;2017-09-13;2017;3º Trimestre;Setembro;37;13;Quarta-feira;4
ef404d4b70c66e5e7f41b03013237243f783d07a913f9c55a2c9d55bf8fee8f0;2017-04-03;2017;2º Trimestre;Abril;14;3;Segunda-feira;2
9c3f1172ada8ee120dab881d85b9c6a4d0143298bcdbc3457f8f0b30339917bb;2018-05-06;2018;2º Trimestre;Maio;18;6;Domingo;1
bd5ce69131b7e576b62085d429f4897cf6f80afd1b2ddabfe95ac10cbedcc3d3;2017-02-13;2017;1º Trimestre;Fevereiro;7;13;Segunda-feira;2
f77ab9c67c39c62af984319f26f7617392bb9309bdd16544b4d3a996fa6f1eb8;2017-11-09;2017;4º Trimestre;Novembro;45;9;Quinta-feira;5
0059254184375708009ce106ac12855469058af23ce6ff79db4dcb07e4d48a33;2018-01-05;2018;1º Trimestre;Janeiro;1;5;Sexta-feira;6
719a92664876f6ab050c83d5b0be7b9e458da2f440cf3647a850ed4d20d8470c;2018-08-05;2018;3º Trimestre;Agosto;31;5;Domingo;1
7aa062febc18712215b17ea49b0c193dd8c3d9a0fae6025afb3922301f39fa66;2018-04-22;2018;2º Trimestre;Abril;16;22;Domingo;1
7ac609164350a1347115746fd7a0f3ad95c0bcee0112f0f908eea41c162b3b29;2018-11-11;2018;4º Trimestre;Novembro;45;11;Domingo;1
0d145805f31e202aa7e029ccdab813d1ffcb9e4b13da2fcb3ab08a2099732710;2018-11-10;2018;4º Trimestre;Novembro;45;10;Sábado;7
7eb0a026c0144af25009e7d066b13df79ae8da75e3a5412b8759eb07fda911de;2017-07-26;2017;3º Trimestre;Julho;30;26;Quarta-feira;4
8e31ff5e759bebcf2e7173753fc9152e7042b14e33f7f354a0b0eed1f2845390;2018-12-08;2018;4º Trimestre;Dezembro;49;8;Sábado;7
95e834dba066f334ad9dde7180fd7d8199b5bc9199ae9644c457d16750c894be;2017-04-11;2017;2º Trimestre;Abril;15;11;Terça-feira;3
a48b659ca995a6794b530853d5f39ba9875199229fb67b882a16ef8f5206959d;2018-04-21;2018;2º Trimestre;Abril;16;21;Sábado;7
041345936fb35aca930d3b0bbcb302e5edd67c0ad9a3a67a0bef120e3f84cb3f;2018-11-30;2018;4º Trimestre;Novembro;48;30;Sexta-feira;6
645dc464b499bf7e529f99482df24228aa646702b02d2050ffa3bcd1eacb4837;2017-06-21;2017;2º Trimestre;Junho;25;21;Quarta-feira;4
8f94f12da81bd37306fb04e7adcddbfa063d49524203ca2b143730c7e0195239;2017-10-09;2017;4º Trimestre;Outubro;41;9;Segunda-feira;2
a149213c2002d215e36d2d36795758b21400ecded2f4386196a773fe12c1df4d;2018-06-08;2018;2º Trimestre;Junho;23;8;Sexta-feira;6
2cf9e5b01afc95158196e93bdf5533affe9c133750b5001f8290d678dd86c42c;2017-03-23;2017;1º Trimestre;Março;12;23;Quinta-feira;5
5345c7ba3dc1c58133641631a2021401306b1074f7a4e143527d8f0c1c8d5d8f;2018-07-05;2018;3º Trimestre;Julho;27;5;Quinta-feira;5
90817e80b4886a7ec7d35a6c6fb36801aa04bc5a8dfc6105a0559b5aa3be2f25;2017-07-01;2017;3º Trimestre;Julho;26;1;Sábado;7
c7878dd636b5610d022062d1df8c86a54de00a14fed16e784804da66bd2277cd;2017-07-12;2017;3º Trimestre;Julho;28;12;Quarta-feira;4
7441e176a177616f8bb6a7131b92fcf595c892dafa627867ad7e453ab9ff6ce0;2018-05-28;2018;2º Trimestre;Maio;22;28;Segunda-feira;2
ad40ffb3b5eb430b3964fc427bf88b189f1416ce9cd3a4d7a080b7b1da77a03f;2017-05-09;2017;2º Trimestre;Maio;19;9;Terça-feira;3
78b4e0acdd5f0c2942069ab9c4785ddc2d6c770f261b6752671296f921e4f6c8;2019-02-01;2019;1º Trimestre;Fevereiro;5;1;Sexta-feira;6
2e5667a51a67f573c1b7e9204df55c2e0fa01331ac0130d32f9db011bc4be86c;2018-12-17;2018;4º Trimestre;Dezembro;51;17;Segunda-feira;2
bab95d7b1b2c37413fc603738e8c6399c6ef49acd99534a4e3de81424dc0fdf6;2018-03-25;2018;1º Trimestre;Março;12;25;Domingo;1
00e4bc4fcaf0f811fb28ce2e24e21d4acb73e295d6cd4306d9ed2d3eae5ad6dd;2017-12-25;2017;4º Trimestre;Dezembro;52;25;Segunda-feira;2
7bc51f0d3c95ab959a52038b8629c17421aa4cb8fb602dbb1523db0dc9c1af9e;2018-11-02;2018;4º Trimestre;Novembro;44;2;Sexta-feira;6
581cfe4d459a867092746746d594ed037b0b045162b4150680588b273c6392e3;2017-02-28;2017;1º Trimestre;Fevereiro;9;28;Terça-feira;3
8d31b950acb28e84955dea81ad3633a86f60958015dba04c7d46c80cca45980e;2017-03-30;2017;1º Trimestre;Março;13;30;Quinta-feira;5
09ad2c95056ed58d37a50e0a8711d1467745c9719065b1088365dd3cab48d33b;2017-02-27;2017;1º Trimestre;Fevereiro;9;27;Segunda-feira;2
1ddbe9ba634c7cb76ec6e2ea8ca47a75897164120263bb8618f4f6a08e9c4059;2017-12-01;2017;4º Trimestre;Dezembro;48;1;Sexta-feira;6
58aefea4bfa489500eedaa038307d7d42cd812edff97b75719ab251ab4639e6b;2017-09-26;2017;3º Trimestre;Setembro;39;26;Terça-feira;3
5d0fe4c0186ae9f969324d7033d7d52f65e4842fa08003afb9544eb50a22f16d;2018-03-26;2018;1º Trimestre;Março;13;26;Segunda-feira;2
e1492d8686967c4cc654b17cfb25c2d49582c3dcec9d46bd07dfa2ad522430d2;2018-03-24;2018;1º Trimestre;Março;12;24;Sábado;7
f7d2e6b8fc0e2e7e37c6db241aad87be14ef2e3500137691f98db24a01dca4f2;2017-11-27;2017;4º Trimestre;Novembro;48;27;Segunda-feira;2
d2a5256b255481a41fde15029c69dfc3a358856094121664fd9a5fcd4027d524;2018-07-20;2018;3º Trimestre;Julho;29;20;Sexta-feira;6
f7e12165d2215c3aa54d740f743bc2fad7dfc0dd1bc89da63da06909b0d6e8c0;2018-11-25;2018;4º Trimestre;Novembro;47;25;Domingo;1
6709e3c8d34d7eadbb6fe1eb75d840e5477d468be8f3a84ab36f8a195b047828;2018-11-15;2018;4º Trimestre;Novembro;46;15;Quinta-feira;5
f80544dfa0cb244c49e310ef500163238d396337ae29069f5fffe12440bef4c2;2017-06-02;2017;2º Trimestre;Junho;22;2;Sexta-feira;6
32bf4d334f14f00a6358d332cd484d99f5ce15854de696ffe3aeadf09cb0f0e3;2019-01-07;2019;1º Trimestre;Janeiro;2;7;Segunda-feira;2
696d957b36fe70d922bc68e8dfd73d57405a218a5bddc162fae352fcf122a38b;2018-06-15;2018;2º Trimestre;Junho;24;15;Sexta-feira;6
7c907b9690bd78b2a3e6f08ff2ea9737abeb65d0e108b4742b486c1fd0cb3b03;2017-03-09;2017;1º Trimestre;Março;10;9;Quinta-feira;5
064628bf8ea89268fd775df329e9b31d75fc93218f04acd8c57aa61883d65cea;2018-07-19;2018;3º Trimestre;Julho;29;19;Quinta-feira;5
2169853a8bcea986611bd3ee49cb5b44ebe43fe0ec956a83deccce217a5936e6;2018-04-09;2018;2º Trimestre;Abril;15;9;Segunda-feira;2
77c00cbf44f9fc31494eb9ca68c39f4280c065023a83fc9dd90aff86dc959d9e;2017-10-05;2017;4º Trimestre;Outubro;40;5;Quinta-feira;5
aa7ac3a841c3ff1fca29bee5204eeccec342ce89c5a3e95bc6eddb3d3b1fcee6;2018-05-27;2018;2º Trimestre;Maio;21;27;Domingo;1
27b323387ca7c685ec5122739e94edfb578cd22a14de8144682d34f937057f78;2017-06-01;2017;2º Trimestre;Junho;22;1;Quinta-feira;5
9001b5dd32681baa3fed87ba2b08a8adccd53765736cf9f821dd1e6c9b8294a6;2019-01-18;2019;1º Trimestre;Janeiro;3;18;Sexta-feira;6
a0b1f8aa0e7e139a574174e05ae9a8303976bf198c3bb5398c5e4ca15e7cfa93;2017-07-17;2017;3º Trimestre;Julho;29;17;Segunda-feira;2
d73473df097ddbb3e2c1e5c965f7252fe3b1932c4c6cd4b7d0137959845f7878;2018-03-15;2018;1º Trimestre;Março;11;15;Quinta-feira;5
012531bfcdab147fc99bc11a0cff980f8e4a21e6e0b0d081b0a822b2544d02d0;2017-01-16;2017;1º Trimestre;Janeiro;3;16;Segunda-feira;2
1ef250f09d522ad69c54d6bc875fb8fd927123be8c895d4930e7201e6960fbfb;2019-01-19;2019;1º Trimestre;Janeiro;3;19;Sábado;7
347bda50d222f7d70fd8d1ad891ab8ddb043bf361149c76b81b997d11d7d2c21;2018-06-25;2018;2º Trimestre;Junho;26;25;Segunda-feira;2
3e486dd7391ecbcf139811e0ecc2eb9024e4863f12ac4d1ca41beb3f7200400d;2018-01-02;2018;1º Trimestre;Janeiro;1;2;Terça-feira;3
49fbe4722dea46ef0c428792538dbd70922d0fa5ab5f8d604c6e214cba867257;2018-03-12;2018;1º Trimestre;Março;11;12;Segunda-feira;2
7d857ce3a584892e9acf6e1b8bcddc7c2c1242e6e37db619eecba52ea0af3e82;2017-12-18;2017;4º Trimestre;Dezembro;51;18;Segunda-feira;2
f5ab727899fea87c5cee15d0594254d01af41cb89f93c2632e4fcdffcb02aa06;2017-07-25;2017;3º Trimestre;Julho;30;25;Terça-feira;3
3dd52c8957a9825cb394731db55fbdd2097fa98715d7843ed958ca784c7624f7;2018-05-05;2018;2º Trimestre;Maio;18;5;Sábado;7
7a7b5077fd2761abf27be3801b148f232cb2102df92376221fd8b4086677be07;2018-03-18;2018;1º Trimestre;Março;11;18;Domingo;1
e437f519a4a86baf12ea08f2f6c2080c558d698775e35cf58067e8fa9bb5ee42;2018-05-13;2018;2º Trimestre;Maio;19;13;Domingo;1
0828b2c6116fc4557d550e69805ae8db7a567631351658f030fd576366585f35;2018-10-07;2018;4º Trimestre;Outubro;40;7;Domingo;1
0a8d15c2160dd1450eff1fa91b084087edcb8795f87c5b6a5b83ad13efa4a36a;2017-02-21;2017;1º Trimestre;Fevereiro;8;21;Terça-feira;3
9880d6160a9f039fcdeb00a654f87f9663a4c0ceda0a4d7849a5c1e310259971;2018-01-01;2018;1º Trimestre;Janeiro;1;1;Segunda-feira;2
d0c48db2d337189a9b478915fca8ccdd0c01d3877373ea338dff3c8d46b91f23;2017-02-01;2017;1º Trimestre;Fevereiro;5;1;Quarta-feira;4
6a830a7e79e83452ed893bf54fb80a0bd23d15b33e160e0c8da3274002945c42;2018-09-01;2018;3º Trimestre;Setembro;35;1;Sábado;7
94fd06c5de0a4df390e1b59e84ccafeaf9d0361eb5bf129e1f415e099ca014ac;2017-06-29;2017;2º Trimestre;Junho;26;29;Quinta-feira;5
9e1c92b3e70fea25311dda38bdb7417b2019183643e0c3b6fe3215da068194d7;2018-03-09;2018;1º Trimestre;Março;10;9;Sexta-feira;6
b08a8c9cc9df79ee59d3e5aba0d170ded8f8d0cc3c3d0fc4b3991a3792895e9e;2017-04-20;2017;2º Trimestre;Abril;16;20;Quinta-feira;5
49c88ba8d67f99fab74f459883262f53113ee990fb33122a86b7cae9d28d892f;2019-02-24;2019;1º Trimestre;Fevereiro;8;24;Domingo;1
631499d257b33803b172f93426c34f950d6985b020de3e2c39e2fe5f55c303ba;2018-03-04;2018;1º Trimestre;Março;9;4;Domingo;1
ff00941dc594b64aa269130e657618adba7d651ff4bd5e9265fc75f111ba26d8;2018-08-25;2018;3º Trimestre;Agosto;34;25;Sábado;7
26eb32fb2ba35322f544081903ffb88645b4b82c86bb68508ca1e2abe69b07eb;2018-09-21;2018;3º Trimestre;Setembro;38;21;Sexta-feira;6
39c66804d9595ce5bc410b1fee057bede26e2240ea04bc6d3d669b5322feca80;2017-06-13;2017;2º Trimestre;Junho;24;13;Terça-feira;3
528d7ccf7ce7c896bad7d9bc05bde932360263c646ab7cade8d6acbece14f14b;2018-08-19;2018;3º Trimestre;Agosto;33;19;Domingo;1
9876c7c8a73a2d8f58d8fe4334261fc646c32e255a82ed8d0fbb1deb84495e58;2018-08-06;2018;3º Trimestre;Agosto;32;6;Segunda-feira;2
b259f7fc0a28572ef1a099f989928e1d4f71b2743d7b0f5d0602f3b7db73d726;2017-11-22;2017;4º Trimestre;Novembro;47;22;Quarta-feira;4
76ddfc5390a99ff2f3be540c987ba487b223f787a78aafe333ad204e5f7f3fef;2018-04-14;2018;2º Trimestre;Abril;15;14;Sábado;7
7b94947b007e6d7f411f2963f208faa286d4588e981c4009b1f465ee6c092f32;2017-09-08;2017;3º Trimestre;Setembro;36;8;Sexta-feira;6
9b12bb761e45a9b3bf970c8495f7353c29490943f1258bf4ccc32a5aa5c34c7b;2018-07-28;2018;3º Trimestre;Julho;30;28;Sábado;7
ad8ca63c978f424066133cc4604e6db41b03a2b8432f9e3b673c62c277e27279;2018-08-23;2018;3º Trimestre;Agosto;34;23;Quinta-feira;5
0d1168420b38417fa108b008085db895abb991487de84daff2a5d5aa387ce6a6;2017-08-23;2017;3º Trimestre;Agosto;34;23;Quarta-feira;4
3f4d10d6c3137968af72d0a839b1f625baf56aa55bac827a044de4e542ea9229;2018-01-16;2018;1º Trimestre;Janeiro;3;16;Terça-feira;3
266345e85777f1935dd350a9988af2f3a3e890fcd419da2537e072ce43dac4d2;2019-01-12;2019;1º Trimestre;Janeiro;2;12;Sábado;7
62ae493ca5a836cc325560fbdf28e6eb16c6cad3dc943604be4711d0a47cd2b4;2018-11-18;2018;4º Trimestre;Novembro;46;18;Domingo;1
9788698b22b5a7739ab8e40b3bc42a4c23442f070dc913f0b896b5e6f9173fa4;2018-03-16;2018;1º Trimestre;Março;11;16;Sexta-feira;6
57a1ed429f9a6ca7c02a115d92360a76222c27a13c15f0d772559f3d75d9603d;2019-01-13;2019;1º Trimestre;Janeiro;2;13;Domingo;1
6fdd2019a9cde931dbd55909bbc1f73635eaf112fb2007676fe2187b096c478b;2018-10-18;2018;4º Trimestre;Outubro;42;18;Quinta-feira;5
4c53b9a47cfed6a57ff49669904c5df5ead2efea8d7974b7800127f875891714;2017-11-13;2017;4º Trimestre;Novembro;46;13;Segunda-feira;2
5985c692823ea4445451b68653f19fb39767cc759bcd5aa6f31a25a2f6083be6;2017-06-08;2017;2º Trimestre;Junho;23;8;Quinta-feira;5
a9f4a187ef82d8ef55940b8d01418dc9bd178da696fe55e050a8e83064c5dd0c;2019-01-05;2019;1º Trimestre;Janeiro;1;5;Sábado;7
d6771b04dd32016e397b2b1e0048867f1496c5affea087bb338c4e7acae4d4dc;2019-03-09;2019;1º Trimestre;Março;10;9;Sábado;7
1f6ab26741c9108d4c1119cb80521168de02821a5703fea7a51b2effee247dde;2018-11-12;2018;4º Trimestre;Novembro;46;12;Segunda-feira;2
acfb09439b9c1d3118c91c5da8d86c9fee9ef47a72d31142935c21463eb645cf;2018-11-29;2018;4º Trimestre;Novembro;48;29;Quinta-feira;5
cc13884d78010f9d51933234b33acef3efdeae12bee4934b8099735fe24f4ab1;2017-05-11;2017;2º Trimestre;Maio;19;11;Quinta-feira;5
5d094d988ad10e639dedf031ed7a64375b66a710de691125385e4a9cdcbecdc7;2018-10-05;2018;4º Trimestre;Outubro;40;5;Sexta-feira;6
6e38aba0cd641e6bc3fbad951f614db678465034d005153b352dadf56a388cba;2018-12-03;2018;4º Trimestre;Dezembro;49;3;Segunda-feira;2
5b5665cf636a2f9fdefa8a340044b33f03cf8d272b2ca79552f0ad817e9f5df5;2018-09-24;2018;3º Trimestre;Setembro;39;24;Segunda-feira;2
5f865855220c4fe42825dc0368a5dd4b36da087e839b15adffa05c81f457beb7;2017-11-10;2017;4º Trimestre;Novembro;45;10;Sexta-feira;6
86ce3bb90133542ad1ddaf6700fdb1887fa495bb267bad02e37536a7651bb491;2018-01-27;2018;1º Trimestre;Janeiro;4;27;Sábado;7
ae5032c1c8f22adf631254feeb6e61e0c03eef6670f142fc64c72c94119056db;2017-11-14;2017;4º Trimestre;Novembro;46;14;Terça-feira;3
e54756c808ae721b0b8c813cfd0fb2fda5c0c21b23b194274fd71663d34d269f;2019-03-17;2019;1º Trimestre;Março;11;17;Domingo;1
742a706d0264f794a9a04caf5dcfe4ea752297a55a91178b764e8d1a7145c5ec;2018-12-01;2018;4º Trimestre;Dezembro;48;1;Sábado;7
ccbf157b73e0bccb845c8024e6191e8fdd78d7530a98eb38200ffb43deaddd71;2018-10-15;2018;4º Trimestre;Outubro;42;15;Segunda-feira;2
c45d9f32cf083bdd282c158423075c23bace7dd2dc58b2b636bdff04cda7ef35;2018-01-15;2018;1º Trimestre;Janeiro;3;15;Segunda-feira;2
d1feea49e24696d8fc5778a57de8fdc2faee28ccac6a88c69cc1920efbe2deb6;2017-03-22;2017;1º Trimestre;Março;12;22;Quarta-feira;4
0da62dbe342c37fa4d274ffede66241f02645b935dd6bc38734768794900d555;2018-08-12;2018;3º Trimestre;Agosto;32;12;Domingo;1
190cc1336ddbb6b6b0ad1307a16b1a2f0d8d6d380c6c4edaecdeffc1a4b62a27;2018-05-18;2018;2º Trimestre;Maio;20;18;Sexta-feira;6
48ee3515303209903f2e761c0d654dad65274b70cff8deb4cbe29272d094fad7;2017-10-23;2017;4º Trimestre;Outubro;43;23;Segunda-feira;2
38552209233f1eedfb3cc4efa5b7f0bc297bf2ecce0e1d672f7a3dfb33a5da87;2018-03-23;2018;1º Trimestre;Março;12;23;Sexta-feira;6
386c89065204242884ed01b34bc5d4e80af0f71e037fb6e85341b08eb177da22;2018-08-13;2018;3º Trimestre;Agosto;33;13;Segunda-feira;2
1d04f0a86f580cc1aead40db1d497ac372b5313b9aaaed7c656a5748bbc5fe71;2017-06-28;2017;2º Trimestre;Junho;26;28;Quarta-feira;4
e2d8a8cbe3a4939c46e72fe9a6a19c7bf7f7ba21c5a028a727407fca22e5bcbe;2018-01-20;2018;1º Trimestre;Janeiro;3;20;Sábado;7
0f4eaa6a7921c81bd27e1722b5578474965acaf936e20948e7cf0c6fc537a801;2018-03-08;2018;1º Trimestre;Março;10;8;Quinta-feira;5
8f771ccbf48dbd879e577444f4fb961ad681b64d539cb37daaafac0eb95d9f2c;2018-04-06;2018;2º Trimestre;Abril;14;6;Sexta-feira;6
c8220a49e8148362080cadacc0fd444a29df6cf26ebb3a58dd3427b4a6c03629;2017-05-04;2017;2º Trimestre;Maio;18;4;Quinta-feira;5
d6eef8ac3333f5aea57cdce4ee5a1c48d8c2fd391bc07803b34041cd1e3e3fa2;2017-06-06;2017;2º Trimestre;Junho;23;6;Terça-feira;3
2ded9e4523e4d385e428052a92ae630867b8c72a1140711512173a7ec2f20a32;2019-02-17;2019;1º Trimestre;Fevereiro;7;17;Domingo;1
2e6f9502d3dd2b157763db6e6ef9bb780a2b8fde9433ce8132e3f175b092def6;2017-03-07;2017;1º Trimestre;Março;10;7;Terça-feira;3
d40528ec87c3d76f3961ef694d1dd8a2cfc5494a41cdf27f06264a9d26db2e60;2018-03-05;2018;1º Trimestre;Março;10;5;Segunda-feira;2
07a39ca6123ea58c2fa611f53d4e1ad5f86d7085f0196b728b03bd5903ee5ac7;2018-12-29;2018;4º Trimestre;Dezembro;52;29;Sábado;7
4d138196bdb66a20512c3dbaee83de05022bd5324e9b347b5e2de77a0cc4ab19;2017-06-09;2017;2º Trimestre;Junho;23;9;Sexta-feira;6
7ec79f0e1e1edf5ca4fd0a304d903ec832cad279a602e9e6033fa7f5d95ab059;2018-05-19;2018;2º Trimestre;Maio;20;19;Sábado;7
86ef81ab3d62b05bce80c0e471581e7dc762a429ad4e47f04fb6feda9eae9d8e;2018-09-30;2018;3º Trimestre;Setembro;39;30;Domingo;1
8c18b96d0be46d8c3ddec98131b18bbd342ecc28b17a3b919e4c67ab0c1a0a00;2018-04-19;2018;2º Trimestre;Abril;16;19;Quinta-feira;5
b3f1593c43e61cea1d52c69f7fa0a70762a3fd40913980c9f7dfc3beb00dff7c;2019-01-06;2019;1º Trimestre;Janeiro;1;6;Domingo;1
e8423b6cb2290bbfea9ac739ec577f7db16f7fa45600dbbc2dfc2340081d066d;2017-05-08;2017;2º Trimestre;Maio;19;8;Segunda-feira;2
1e4185270e725072f8bd5faca34ccd5d142d3332e78b9d4d176d1ce4beccf1ec;2017-09-18;2017;3º Trimestre;Setembro;38;18;Segunda-feira;2
87232bddf4818223235ee5cda091209b3a6a93596078e7193206961acdcb14a0;2018-09-03;2018;3º Trimestre;Setembro;36;3;Segunda-feira;2
336b01172b7953e25fc9955306299ba7b026d991e77fa5d905e37a1efadf15e9;2017-03-14;2017;1º Trimestre;Março;11;14;Terça-feira;3
36a758c43accecddaacfaaeb24364dc4227f4bc0217503becb2e3f8a52f66167;2017-01-15;2017;1º Trimestre;Janeiro;2;15;Domingo;1
eef698d0d7d593ab7a9ab3783d08b89b367e347ea15eb4f0d5168b744955212b;2018-05-04;2018;2º Trimestre;Maio;18;4;Sexta-feira;6
4e92c28ac51b25eb3a3ee13422f8590f6d1f62aba1ccaf457b8f9ff5b692ea33;2017-05-31;2017;2º Trimestre;Maio;22;31;Quarta-feira;4
8cec7fa96d44cfc898ab7a783fea34b49ad3799c8eb8cf83738670c3c61f2807;2017-08-30;2017;3º Trimestre;Agosto;35;30;Quarta-feira;4
8fbe198e8ddd13285f907b631a1a7083cd0c779c0440e94885806b1c56036d9a;2017-05-17;2017;2º Trimestre;Maio;20;17;Quarta-feira;4
9b0bb0c468031f058ac040436856469f4228ec51c364737752ead86b70da44a0;2017-05-05;2017;2º Trimestre;Maio;18;5;Sexta-feira;6
c8a1e691e70403cf3afc2de691620f693d943f29ab82a7a4c9254b7817755e79;2018-08-20;2018;3º Trimestre;Agosto;34;20;Segunda-feira;2
cf56c14dcd2d8c280e3ef9f5b09319c9ee1d48dee024cce95cdddba250905bd8;2017-09-25;2017;3º Trimestre;Setembro;39;25;Segunda-feira;2
061857a6d0da6f1c4588cfa7f5b6dd9622cadd707692e65953712ccd041de8f0;2018-07-14;2018;3º Trimestre;Julho;28;14;Sábado;7
834ed2d7c2dfc5d9a515e83516f1d2f25da647489b5cac350116cfb5c5379d87;2018-07-30;2018;3º Trimestre;Julho;31;30;Segunda-feira;2
b0de19667d498322d14a111ea9835d355678ac022c592c120d890b50ea1d5713;2017-03-21;2017;1º Trimestre;Março;12;21;Terça-feira;3
07f1125dddcd3bf38ad3af369a85d29d522282c3f9fb3ae40f4bd89eec2f0c52;2017-02-07;2017;1º Trimestre;Fevereiro;6;7;Terça-feira;3
efc52a539d0c84646d205f3e0647f7f51f94f109ce310b18c208967b2cd1459a;2018-12-10;2018;4º Trimestre;Dezembro;50;10;Segunda-feira;2
fe0ec945ed1e0b280f9ad0173a3a96ab92efc541494b194a430b608784e3d5de;2019-03-16;2019;1º Trimestre;Março;11;16;Sábado;7
45afcc0b22047bb2a014ab7ac34e481a7a6b19ab7d7c756bd274a62c5e41e090;2017-08-02;2017;3º Trimestre;Agosto;31;2;Quarta-feira;4
93e6684f2426c3c8f001a18ea1a371c40aaef017b4284ffa3183378f64d06812;2018-09-28;2018;3º Trimestre;Setembro;39;28;Sexta-feira;6
ae378a4eb5b7ca7ab3a0f44526c0450e9b0262387d436b208c18f6f1481e9899;2017-05-02;2017;2º Trimestre;Maio;18;2;Terça-feira;3
49564b57d740db6d4e37fd2ffd3cfcf32dfd8d4277b4dbc001ddd608a851cc21;2017-04-26;2017;2º Trimestre;Abril;17;26;Quarta-feira;4
f3155f793f6643ef2a0473cac4c5d2ec52279f4e080dbd5ea2f5199df67da879;2018-03-31;2018;1º Trimestre;Março;13;31;Sábado;7
264ccf477ff24f204d30afae163ec815bf760003cc771ff4641030ab7ac5f80b;2018-03-30;2018;1º Trimestre;Março;13;30;Sexta-feira;6
8a1c55b65a5054f990a110941db90dfa9482505affcdb56db1aae143c67a1fa0;2019-01-14;2019;1º Trimestre;Janeiro;3;14;Segunda-feira;2
e62c01395318e457e6c14cc0ee9b6b2876ed6aba4ba53935618a1c48b9c9dd04;2018-12-24;2018;4º Trimestre;Dezembro;52;24;Segunda-feira;2
11409d8b700905e74d235a6df795f032c347d2e096aad38cd6e3758616e08463;2018-11-19;2018;4º Trimestre;Novembro;47;19;Segunda-feira;2
127424a82290a969a09c927999730c3dc4f23d529a4e0bf68fd3c03ecd399a12;2017-08-29;2017;3º Trimestre;Agosto;35;29;Terça-feira;3
2ed75aead2ca3b6b9da9cd1f768e16a93c29e185b9d593250a4c276f0ff035fe;2018-06-26;2018;2º Trimestre;Junho;26;26;Terça-feira;3
86b79ef78df848ed99dc3de029aed667c6846705421402fa9a790ecb3e10c96d;2018-10-06;2018;4º Trimestre;Outubro;40;6;Sábado;7
a1a57a88a38af30e3edf92223ff641488f4ccc04698c14fd72abfd1c8cf61405;2018-12-31;2018;4º Trimestre;Dezembro;1;31;Segunda-feira;2
cf8a739b4b49f64993096a5c0eac25024528e0865643dfc0927f2a2aa21c455f;2018-04-08;2018;2º Trimestre;Abril;14;8;Domingo;1
f6deced3692fb289219491626f587789b9404e5ea819b879a7510645c08c9470;2017-08-07;2017;3º Trimestre;Agosto;32;7;Segunda-feira;2
17087e89f7ea52e5316d58802b9f3e36aca56dbd8db36605c963c5be8bdcc995;2017-09-19;2017;3º Trimestre;Setembro;38;19;Terça-feira;3
8a7f5719dc3e2df7a11d9f1ee4ce3ac0d32041e6453c605455706b8a02686eda;2017-10-11;2017;4º Trimestre;Outubro;41;11;Quarta-feira;4
c418fe55863ec0d664199d6e8b3016cd1133d4268358d8d7f41817e3893ac717;2017-05-30;2017;2º Trimestre;Maio;22;30;Terça-feira;3
13f36d03d28017cdf8afb864449fa0cafaa1497538677867e182949f8f40edf7;2017-03-17;2017;1º Trimestre;Março;11;17;Sexta-feira;6
48d218fa67015223ace77ef0973c3d455544bfdd844ea1ecfe74210c7a8ddf7b;2018-02-20;2018;1º Trimestre;Fevereiro;8;20;Terça-feira;3
7c30371aedc8d1e61290d8347864280341a2b4133a1ea57e93a249ececa40d40;2018-05-25;2018;2º Trimestre;Maio;21;25;Sexta-feira;6
04db1857a0f1817df98de066067be2797153d7a15915bafb0409a8a16ca33b40;2018-12-09;2018;4º Trimestre;Dezembro;49;9;Domingo;1
bc02f06b646b7d9542fd27c3211c5164f81ba168a896740ca68ae55402d11947;2017-10-04;2017;4º Trimestre;Outubro;40;4;Quarta-feira;4
fe46e6aa719b21f935061b36f24e58ac94677127d4021c24ed6c65c0515a0381;2017-01-10;2017;1º Trimestre;Janeiro;2;10;Terça-feira;3
1ae71c7db416bc419c45081311772a95c8f3dbd9488a52015c0401d742f4172b;2017-03-03;2017;1º Trimestre;Março;9;3;Sexta-feira;6
46c8cb9ac39871db37dd35e5ee21c80efd0979645f39d86ad1bbe74764c11d6a;2019-02-02;2019;1º Trimestre;Fevereiro;5;2;Sábado;7
6b431df8c5dfeb225ab1c3740796892d08123c6046acb5bf51c677f63b819428;2017-10-18;2017;4º Trimestre;Outubro;42;18;Quarta-feira;4
e56b1ec0d6b80829ad4fd44e37a6a624eba994340923d9dd876e671779e90e9e;2018-01-04;2018;1º Trimestre;Janeiro;1;4;Quinta-feira;5
4a89960f3d61e36e04fbf037cbb122e4915914eddba9881eebb5b08ebe1b6f0d;2017-04-12;2017;2º Trimestre;Abril;15;12;Quarta-feira;4
5391f5ccaf99b16be47d6f2c4ee82416122b5f53ccb2b37a2c3c2e77c90cbbf5;2018-01-08;2018;1º Trimestre;Janeiro;2;8;Segunda-feira;2
805431b44b48b189a1289b2ea306f8471852888954c114724d5039d4a2de2011;2017-03-01;2017;1º Trimestre;Março;9;1;Quarta-feira;4
aa5ada49f2cb2583438279afe916d0fc4c0ec2a84bf0a4a6cbf8e8e1d6e91b17;2018-01-21;2018;1º Trimestre;Janeiro;3;21;Domingo;1
e50b7af96b182957153d25c5c2cbcb9ec6ed6dc203caa2df229228833c22d668;2017-08-14;2017;3º Trimestre;Agosto;33;14;Segunda-feira;2
50e6751403f7d3203c31a56ebbcf77b834d827b55426eb5371dac58508877615;2017-10-27;2017;4º Trimestre;Outubro;43;27;Sexta-feira;6
377ad2044cc7b7f846be2a725e2455923aebf04b10a06e87c7635d027f0b634b;2019-03-14;2019;1º Trimestre;Março;11;14;Quinta-feira;5
e399209aa377569fb0923f4b35feb4b67952679cdfbe8cb6301c3e26d75e7631;2017-04-18;2017;2º Trimestre;Abril;16;18;Terça-feira;3
674c9f6285d2894089cf4cb25bbe2a0e8dfd227cb99d84c00dea51298d759a0e;2018-04-27;2018;2º Trimestre;Abril;17;27;Sexta-feira;6
a1613fabc560196b68fe2b3b10af621cd521268a2ca1cd8e995c051b6484b104;2018-06-24;2018;2º Trimestre;Junho;25;24;Domingo;1
b31867c0b5f29891890515ca793ddca7c7c8a6d2cb0988bdeb1cdfd128cc600f;2018-10-26;2018;4º Trimestre;Outubro;43;26;Sexta-feira;6
b668cb5d91cb6f186904a97494d7a01f996ccaadf507a098c3681a1d8d446df8;2017-05-18;2017;2º Trimestre;Maio;20;18;Quinta-feira;5
1a6570741222e4981bc4d4176216a29ae094e1e8e650a9572eb16fcc7adbf96e;2017-01-23;2017;1º Trimestre;Janeiro;4;23;Segunda-feira;2
1ba11fd709e047dfa6ff70f80266f5dd76fac405771e02dad1c162f9ed8a0c66;2017-07-05;2017;3º Trimestre;Julho;27;5;Quarta-feira;4
5ca98180f983e5834ad2e1b42e7534034fb4c5b2e89985b5bdc0b7cd30d95cb7;2017-07-03;2017;3º Trimestre;Julho;27;3;Segunda-feira;2
6399dd0ff696b0e6afa22f2ceb381536d513d9f7678561fb2fbe300463926b3d;2018-10-14;2018;4º Trimestre;Outubro;41;14;Domingo;1
7b118e9fa4ac85491287bbb4127243f58d05bed2344b5d220c28a202439b8702;2017-07-24;2017;3º Trimestre;Julho;30;24;Segunda-feira;2
fe95aa043a92a305ea212e2776550dd52c747920f49cb487e9557c2c88a9623e;2017-02-23;2017;1º Trimestre;Fevereiro;8;23;Quinta-feira;5
55d3e2541e9d78b79e06bfaad446d892f076b87bf8b908cd23a93bdda6e17018;2018-09-08;2018;3º Trimestre;Setembro;36;8;Sábado;7
b8cd607bf8d60cdc27f5fd483644a19dc62266738e83f51b2c01da2cc271656b;2018-10-27;2018;4º Trimestre;Outubro;43;27;Sábado;7
cdc3966df8c0c6ab6687788cc3f762e15b44184bb7923a2691cf1fcc1b9cc518;2018-02-06;2018;1º Trimestre;Fevereiro;6;6;Terça-feira;3
7911b5bb1abf1602636572cbb1c0ed04c384589a3b71d1bd1cd71bb8d4664570;2018-06-28;2018;2º Trimestre;Junho;26;28;Quinta-feira;5
d731220997f22bbdbf1e84f8bc613eb21001d90ed5679841517cd0a54b33e3d3;2018-06-21;2018;2º Trimestre;Junho;25;21;Quinta-feira;5
45019020922f77df2cea71faf89c32241a28748d45f5e5835c6e1dee0ade6e36;2017-12-06;2017;4º Trimestre;Dezembro;49;6;Quarta-feira;4
5af807ab00cafe71d84fab98eb5e6e55bb43109a274d7a397732e6b967e4a8c4;2017-02-15;2017;1º Trimestre;Fevereiro;7;15;Quarta-feira;4
7a6216f7ec938ae026c7d56b1fa52a2fae3d3305318a2f431407f5a52b702818;2018-01-13;2018;1º Trimestre;Janeiro;2;13;Sábado;7
7fb7745079447f0693b505a3ac152bd52e4b6543f9e397fe60b4893547009b72;2017-03-24;2017;1º Trimestre;Março;12;24;Sexta-feira;6
b8557fe89406da20fcec4b5c5552104ffc183697a768e3db192240f393f16cce;2018-12-02;2018;4º Trimestre;Dezembro;48;2;Domingo;1
d84c721193a618e2c4d63571686af880791e05e7a8f645f901a5674e8e41e59f;2017-03-29;2017;1º Trimestre;Março;13;29;Quarta-feira;4
9bee0078388ab3450452b28c26afdcbb32e77f5be84e9ca9a5bfddd89cee1e26;2017-03-06;2017;1º Trimestre;Março;10;6;Segunda-feira;2
f3dcb359d2ef485d27df6e1928e6cd0c5a16d4efff10762ba39b65f43f544f5a;2019-02-25;2019;1º Trimestre;Fevereiro;9;25;Segunda-feira;2
1e4efdcb375efbbd0164d461e49a445f25cb211e8ef82c5b8b4c487a24c908c3;2019-02-08;2019;1º Trimestre;Fevereiro;6;8;Sexta-feira;6
37aaf2ae93b23e20c86004f7d3db52f06ac1006e17c49a64a0b893e1b0ea471d;2019-02-11;2019;1º Trimestre;Fevereiro;7;11;Segunda-feira;2
5422a7849c641183ce93cadf25011735f47ce563b5941604a6626eb3f99e7d33;2018-07-09;2018;3º Trimestre;Julho;28;9;Segunda-feira;2
5bb41f17d96e235afa57b1297d8d379c6131836c8aea4236fb1811acaa99d65c;2018-09-09;2018;3º Trimestre;Setembro;36;9;Domingo;1
644e822c23edb211bd1d1b2430e01560aeb8543917bded0963d899759ef076a0;2017-08-18;2017;3º Trimestre;Agosto;33;18;Sexta-feira;6
a8f0a41e59fff0f19e3d9817a852521ff126bc2e50d31633daff468c031df1de;2018-11-09;2018;4º Trimestre;Novembro;45;9;Sexta-feira;6
ef5207de829fd764cdb19cf643f528fb378aa1ec70891ce817a8096abec959e6;2018-02-05;2018;1º Trimestre;Fevereiro;6;5;Segunda-feira;2
